{"type":"FeatureCollection","features":[{"type":"Feature","properties":{"shapeName":"Baliuag","shapeISO":"","shapeID":"30758251B80677147871069","shapeGroup":"PHL","shapeType":"ADM3"},"geometry":{"type":"Polygon","coordinates":[[[120.84911058500006,14.957067304000077],[120.84921304400007,14.956115895000039],[120.84909594800001,14.954125255000065],[120.84928622900009,14.952734735000035],[120.84944723700005,14.95146131100006],[120.85141669600011,14.951235050000037],[120.85235104800006,14.949295359000075],[120.85257845300009,14.949156724000034],[120.85250941900006,14.94903301000005],[120.8523269850001,14.948995108000076],[120.85224828200012,14.948899862000076],[120.85237669600008,14.948006651000071],[120.85235197700001,14.947949633000064],[120.85205151600007,14.947883259000037],[120.85201202100006,14.947821490000024],[120.851991956,14.947512303000053],[120.85221333800007,14.946457655000074],[120.85216419400001,14.946267327000044],[120.85222765800006,14.94511854600006],[120.85238862900007,14.935591248000037],[120.85399383900005,14.93571911600003],[120.85557104200007,14.935278033000031],[120.85550323100006,14.93488908300003],[120.85354408800004,14.93331962800005],[120.85414638300006,14.932509862000074],[120.85493976100008,14.932509348000053],[120.85543394000001,14.932264963000023],[120.85588401700011,14.931994417000055],[120.85588401700011,14.931385457000033],[120.85536205100004,14.93090698900005],[120.85465480100004,14.930422720000024],[120.85455738900009,14.929993705000072],[120.854557354,14.928514647000043],[120.85490533200004,14.927905687000077],[120.85510684100007,14.927878885000041],[120.85542258900011,14.92763384500006],[120.85545626200008,14.927515709000033],[120.85547557900009,14.927212518000033],[120.85540695300006,14.927042054000026],[120.85520663400007,14.926956184000062],[120.85497259300007,14.926873485000044],[120.85479377600007,14.926803836000033],[120.85458697400009,14.926682979000077],[120.85448305600005,14.926571428000045],[120.854342857,14.926409641000077],[120.85399275700001,14.925871468000025],[120.8537498500001,14.925623767000047],[120.85362719700004,14.925429476000033],[120.8533972890001,14.924982072000034],[120.85336844900007,14.924850882000044],[120.853333141,14.924672865000048],[120.85329456500006,14.924556641000038],[120.85328892700011,14.924357350000037],[120.8534498570001,14.924035467000067],[120.85369395000009,14.923649863000037],[120.85408687900008,14.923672798000041],[120.85422068500009,14.923704203000057],[120.85457588500003,14.923852946000068],[120.85475427400002,14.923944205000055],[120.85507721400006,14.923874303000048],[120.85538786500001,14.923755193000034],[120.85564330900002,14.923240477000036],[120.85573295800009,14.92303763700005],[120.85580402000005,14.92288835900007],[120.85580789700009,14.922816522000062],[120.85652087100004,14.922901316000036],[120.8606037190001,14.92360188300006],[120.86080914400009,14.923621033000074],[120.86099241800002,14.923671247000073],[120.86110018700003,14.923714916000051],[120.8611857950001,14.923794150000049],[120.86147785900005,14.92428998500003],[120.8619200500001,14.925121187000059],[120.86196997900004,14.925110631000052],[120.87082796800007,14.923918713000035],[120.87136516900011,14.922366452000063],[120.87165208200008,14.921634312000037],[120.8716721610001,14.921517578000078],[120.87276267100003,14.92200897600003],[120.8729842360001,14.922287341000072],[120.87305848800008,14.92215503400007],[120.873298771,14.921635644000048],[120.87357002300007,14.92106569300006],[120.87367524600006,14.920860443000038],[120.87403641300011,14.920767359000024],[120.87367666300008,14.919669155000065],[120.87325003700005,14.918396961000042],[120.87394513200002,14.918109944000037],[120.87581680200003,14.918215969000073],[120.87624740600006,14.91653590900006],[120.87731332600003,14.916493555000045],[120.8779909970001,14.915702938000038],[120.878760241,14.913308450000045],[120.8819400860001,14.913290542000027],[120.88233478500001,14.91327668100007],[120.88270038100006,14.913111455000035],[120.883208695,14.91283117200004],[120.88381050700002,14.912566782000056],[120.88375876300006,14.91242562900004],[120.88463950800008,14.912113559000034],[120.88533779900001,14.912423055000033],[120.88585469400005,14.911847832000035],[120.88589758900002,14.91182946300006],[120.88641843000005,14.912089628000047],[120.88752582000006,14.91222993100007],[120.88767467800005,14.911680303000026],[120.88799944000004,14.91127837700003],[120.88848163400007,14.910505938000028],[120.88871787700009,14.910004826000034],[120.888767959,14.910027763000073],[120.88993603000006,14.910472940000034],[120.89112686500005,14.910601149000058],[120.89239441900008,14.911379108000062],[120.89310890600007,14.911852629000066],[120.89311025400002,14.911868584000047],[120.89328195100006,14.911978075000036],[120.89290690100006,14.913962709000032],[120.89114400900007,14.916816089000065],[120.89010900800008,14.920213997000076],[120.89040638100005,14.920987530000048],[120.88953144300001,14.921655561000023],[120.88951946600002,14.921666087000062],[120.88928596500011,14.92191641200003],[120.88911394200011,14.922211564000065],[120.8890302960001,14.922404332000042],[120.8890510760001,14.922594],[120.88883353000006,14.923272457000053],[120.888568942,14.923845820000054],[120.88851003400009,14.92442733200005],[120.88852788400004,14.924618998000028],[120.88844416000006,14.924894754000036],[120.88827046800009,14.925199639000027],[120.88831077100008,14.925660901000072],[120.88831399800006,14.926309176000075],[120.88822769600006,14.926837765000073],[120.88821045500003,14.926943361000042],[120.88817497100001,14.927526667000052],[120.88812250700005,14.927800959000024],[120.8883035560001,14.928263672000071],[120.88868439600003,14.928833669000028],[120.88908583500006,14.929236045000039],[120.88951554200003,14.92978086900007],[120.89009840300002,14.930338555000048],[120.89050671500001,14.93045995600005],[120.89096302200005,14.93056965900007],[120.8915381920001,14.930576165000048],[120.89218739800003,14.930953320000071],[120.89311917300006,14.931323343000031],[120.89356413400003,14.93159386700006],[120.89392044800002,14.93180968400003],[120.89448490500001,14.932385861000057],[120.89479811900003,14.93281795400003],[120.89494656900001,14.933030418000044],[120.89514570100005,14.933316628000057],[120.89548771000011,14.933998319000068],[120.89592685600007,14.935163945000056],[120.89594259100011,14.935688438000057],[120.89607315300009,14.936020736000046],[120.896332604,14.936142647000054],[120.8964732710001,14.93641460300006],[120.89657330000011,14.936602158000028],[120.89661586000011,14.936685504000025],[120.89664832300002,14.936749077000059],[120.89666395200004,14.936870988000067],[120.89680149300011,14.937046039000052],[120.89697967000006,14.937368009000068],[120.89704506900011,14.937550860000044],[120.89704369100002,14.937909268000055],[120.89709352900002,14.93831824800003],[120.89729889000012,14.938904769000033],[120.89732655900002,14.938960996000048],[120.89728222500003,14.939017845000023],[120.89725980000003,14.939133322000032],[120.89786370800005,14.940726188000042],[120.89852964400006,14.941559195000025],[120.89864123500001,14.941717389000075],[120.89865773600002,14.941719422000062],[120.8990219960001,14.942175063000036],[120.89892818900012,14.94216182200006],[120.8989532600001,14.942293016000065],[120.89912507300005,14.942405312000062],[120.89929173500002,14.942536618000076],[120.8993306100001,14.942561097000066],[120.89948758600008,14.942757452000023],[120.8997477370001,14.942928098000039],[120.89980187900005,14.942963612000028],[120.89999307700009,14.943089028000031],[120.90012303300011,14.943212803000051],[120.90035632800004,14.943361038000035],[120.90051221300007,14.943493448000027],[120.900671568,14.943540660000053],[120.90076910500011,14.94362555500004],[120.9008503770001,14.943713585000069],[120.90095441900007,14.943801626000038],[120.90117885900008,14.943782872000043],[120.90126094200002,14.943734257000074],[120.90151993200004,14.943831140000043],[120.90153645200007,14.943833125000026],[120.90199129200005,14.944007465000027],[120.90232551800011,14.945326032000025],[120.90230238600009,14.945356042000071],[120.90222366700004,14.945458219000045],[120.9022239200001,14.945610800000054],[120.9023436440001,14.945765848000065],[120.90264181300006,14.94588277400004],[120.90324616200007,14.946130295000046],[120.90331983700003,14.946093199000074],[120.9034472410001,14.946140849000074],[120.90363431900005,14.946409940000024],[120.90468569000006,14.947214650000035],[120.90524240200011,14.950592813000071],[120.90542718000006,14.95320338700003],[120.90542279500005,14.953655147000063],[120.9058946880001,14.953944057000058],[120.90650886600008,14.955752036000035],[120.90708092800003,14.956101427000021],[120.90760417700005,14.956944966000037],[120.90817578600002,14.957294792000027],[120.9094901090001,14.957692813000051],[120.90949769200006,14.957699817000048],[120.90979121500004,14.957882482000059],[120.9100901700001,14.958021947000077],[120.91066707800007,14.958208452000065],[120.91104353700007,14.958380994000038],[120.9112045060001,14.958435801000064],[120.91141100300001,14.958527605000029],[120.91254880200006,14.95983650200003],[120.91353906200004,14.960682097000074],[120.9147127970001,14.96203190700004],[120.91567015200008,14.96211545400007],[120.91560419400003,14.962251438000067],[120.91581880100011,14.962272855000037],[120.91589306300011,14.962134906000074],[120.91600481300009,14.962144658000057],[120.91591707000009,14.962233941000022],[120.9158368300001,14.96235050100006],[120.91598893700007,14.962449580000055],[120.91614072800007,14.962350273000027],[120.91629704900004,14.962233603000072],[120.91640402400003,14.962179495000044],[120.9167062030001,14.962205864000055],[120.91765461600005,14.961702761000026],[120.91785651600003,14.96168509100005],[120.9179961100001,14.961642056000073],[120.91805624500012,14.961519292000048],[120.91802662300006,14.961505421000027],[120.91865225700008,14.961173536000047],[120.91921395500003,14.961232408000058],[120.91926785500004,14.961371418000056],[120.92042929900003,14.961536589000048],[120.92070216200011,14.961498075000065],[120.9207420670001,14.961401895000051],[120.92074686500007,14.961393068000064],[120.92161239300003,14.961483777000069],[120.92176125700007,14.962236962000077],[120.9225200190001,14.96375106000005],[120.9220067330001,14.963902231000077],[120.92192219900005,14.963888217000033],[120.92184646200008,14.963938960000064],[120.9218310980001,14.963961618000042],[120.92181629900006,14.963966141000071],[120.92175574500004,14.964026218000072],[120.92164250400003,14.96401514300004],[120.92132893900009,14.964554383000063],[120.92101582900011,14.964713394000057],[120.92051714800004,14.965055254000049],[120.92023007300008,14.965303056000039],[120.92003748500008,14.965519545000063],[120.91994958700002,14.965661153000042],[120.91986323300011,14.965919039000028],[120.91968242200005,14.966184024000029],[120.91937690200007,14.966652595000028],[120.91911967200008,14.966934693000042],[120.91899594800009,14.967211087000067],[120.91890780300002,14.967406899000025],[120.91889117100004,14.967460218000042],[120.91886986500003,14.967532550000044],[120.91886320800006,14.967684960000042],[120.9187219690001,14.96782392800003],[120.91859050800008,14.968025054000066],[120.91846146000012,14.96824947400006],[120.91843535400005,14.968276096000068],[120.9183518750001,14.968360134000022],[120.91810992800004,14.968446183000026],[120.917639441,14.968297071000052],[120.91700898200008,14.96810849700006],[120.91625662000001,14.967938436000054],[120.91600243100004,14.967946185000073],[120.91577504300005,14.967941039000038],[120.91533355000001,14.968064149000043],[120.91509219200009,14.968189804000076],[120.91493799800003,14.968305042000054],[120.91490848,14.968666348000056],[120.91491534800002,14.968858855000065],[120.91481684300004,14.969055883000067],[120.91469114800009,14.969226630000037],[120.91458262000003,14.969464454000047],[120.91452398800004,14.970018649000053],[120.91441422000003,14.970296138000037],[120.91413756600002,14.97050725300005],[120.913931563,14.97062855300004],[120.9136305830001,14.970552721000047],[120.91336091700009,14.970654973000023],[120.91319620200011,14.97086598900006],[120.91321589600011,14.971028513000022],[120.91325795600005,14.971251915000039],[120.913226774,14.971326257000044],[120.91311912900005,14.971504368000069],[120.91306348400008,14.971581793000041],[120.91296516700004,14.971719059000065],[120.91275277300008,14.971965144000023],[120.9126386690001,14.972007389000055],[120.912431405,14.972078253000063],[120.91219731700005,14.97223285900003],[120.91209664200005,14.972417801000063],[120.91194119300008,14.972560360000045],[120.91162321900003,14.972882470000059],[120.91141804500012,14.973159],[120.911317413,14.973256107000054],[120.91119607700011,14.973307530000056],[120.9110419970001,14.973215476000064],[120.91094950900003,14.97317270700006],[120.91086805600003,14.97313977500005],[120.91073046300005,14.973203417000036],[120.91059330000007,14.973336863000043],[120.91051468700005,14.973427188000073],[120.91042015200003,14.973472107000077],[120.91029951100006,14.973434195000038],[120.91020784400007,14.973443136000071],[120.91010622300007,14.973502693000057],[120.90980203100003,14.973739082000066],[120.90953063600011,14.973952625000038],[120.90940596300004,14.97412336900004],[120.90935920000004,14.974272806000045],[120.90932044700003,14.974422838000066],[120.90914460200008,14.974501135000025],[120.90913376800006,14.974499550000075],[120.90896008700008,14.974488525000027],[120.90878917000009,14.974488539000049],[120.90858602900005,14.974586809000073],[120.9084504870001,14.974678680000068],[120.90825381500008,14.974815676000048],[120.90811801600012,14.974859782000067],[120.90793291600005,14.974879715000043],[120.907682969,14.974952441000028],[120.90758550300006,14.974993939000058],[120.90750088100003,14.975074975000041],[120.90749384700007,14.975214926000035],[120.90749999900004,14.975464810000062],[120.90754371000003,14.975673193000034],[120.90753888300003,14.97590694400003],[120.90749357900006,14.976257385000054],[120.90754602800007,14.976595700000075],[120.90761247300009,14.976829636000048],[120.90761359400005,14.977051933000041],[120.90756225900009,14.977141348000032],[120.90739041600011,14.977318768000032],[120.90706153500003,14.977554915000042],[120.90686423200009,14.977687202000027],[120.90672706300006,14.977898088000074],[120.90654734300006,14.978486733000068],[120.90636696900003,14.979098801000077],[120.90615198000012,14.979827727000043],[120.90562429800002,14.981499926000026],[120.90545785600011,14.982126867000034],[120.90540904900001,14.982295059000023],[120.90532237000002,14.98253063900006],[120.90527714900009,14.982737370000052],[120.90524036300008,14.982899874000054],[120.905273512,14.98296242500004],[120.9053406590001,14.983031117000053],[120.90553728200007,14.98310740100004],[120.90583576400002,14.983206855000049],[120.90614843900005,14.983304717000067],[120.90634181500002,14.983362487000022],[120.9064017280001,14.983458575000043],[120.90645590800011,14.98356450700004],[120.90644797900006,14.983657168000036],[120.90643068200006,14.98377005900005],[120.90633989700007,14.984000243000025],[120.90615137400005,14.984528927000042],[120.90586662100009,14.985328879000065],[120.90563545700002,14.986030825000057],[120.90558442500003,14.98610194500003],[120.90552751500002,14.986189385000046],[120.90543377900008,14.986294408000049],[120.90530953200005,14.986478451000039],[120.9051942540001,14.986735630000055],[120.90512842500004,14.98684043000003],[120.90506209600005,14.986912558000029],[120.90494390200001,14.98699872900005],[120.90473595500009,14.987092113000074],[120.90452508600004,14.98721944500005],[120.90430207800011,14.987281519000078],[120.90416046500002,14.98734128500007],[120.90400873300007,14.98742386300006],[120.90394642800004,14.98756078100007],[120.90399771600005,14.987718547000043],[120.90414139500001,14.987801704000049],[120.90422802100011,14.987866310000072],[120.90434820900009,14.988041424000073],[120.90431727500004,14.988184801000045],[120.90418215800003,14.988313669000036],[120.90404239100008,14.988409931000035],[120.90391587400006,14.988537688000065],[120.90393804300004,14.988662487000056],[120.90401803500004,14.988853689000052],[120.90402287900008,14.98886546600005],[120.90407133700012,14.988973057000067],[120.9039244600001,14.989117652000061],[120.90381785700004,14.989194146000045],[120.90372943800003,14.989237156000058],[120.90347081800007,14.989189889000045],[120.90325909700005,14.989151624000044],[120.90313966000008,14.98921553100007],[120.90298909600006,14.989435727000057],[120.90283105800006,14.989583178000032],[120.90269697300005,14.989649077000024],[120.90245530900006,14.989844210000058],[120.90216099500003,14.989982990000044],[120.90209168500007,14.990055725000047],[120.90197553400003,14.990274816000067],[120.90177,14.990462042000047],[120.90175887700002,14.99063192400007],[120.90174107400003,14.990807071000063],[120.90175429800001,14.990899397000021],[120.9017589980001,14.990932205000036],[120.90183686500006,14.99099831500007],[120.90198455000007,14.99105257900004],[120.90213303200005,14.991043911000077],[120.90223525500005,14.991060600000026],[120.90234034600007,14.991141388000074],[120.90254349700001,14.991567633000045],[120.90263237500005,14.991814257000044],[120.90273040700004,14.992046325000047],[120.90284268700009,14.992286599000067],[120.90290430800007,14.992500076000056],[120.90283494200003,14.992686498000069],[120.902832278,14.992768008000041],[120.90289085800009,14.992950274000066],[120.90281521400004,14.993112068000073],[120.90269637900008,14.99340412500004],[120.90267864200007,14.993512319000047],[120.90258837300007,14.993692401000033],[120.90259317000005,14.993786721000049],[120.90255846800005,14.993913379000048],[120.90245724700003,14.99407498200003],[120.90233517200011,14.994263657000033],[120.90233715600004,14.99444567300003],[120.90230946300005,14.994594778000021],[120.9022656950001,14.99466618300005],[120.90202891800004,14.994690300000059],[120.90185110000004,14.994708711000044],[120.90161936200002,14.994775804000028],[120.90159318500002,14.994941907000054],[120.90166585700001,14.995196294000039],[120.90179170800002,14.995271980000041],[120.90180440600011,14.995279235000055],[120.90186061100007,14.995403245000034],[120.90185622600006,14.995647693000024],[120.90180639400012,14.995786870000074],[120.90191863600012,14.995975627000064],[120.90196349300004,14.996235346000049],[120.90193778600008,14.996504861000062],[120.90192344500008,14.997003646000053],[120.90188315300009,14.997288849000029],[120.90192005600011,14.997446354000033],[120.90202395100005,14.997765451000078],[120.90199076600004,14.997880400000042],[120.90194368100003,14.998042847000022],[120.9018807430001,14.998116014000061],[120.9018821300001,14.998226060000036],[120.90192087800006,14.998377554000058],[120.9019531020001,14.998473053000055],[120.90192062100004,14.998657511000033],[120.90196269900002,14.998783088000039],[120.90193352200004,14.999088635000078],[120.90190963100008,14.999262181000063],[120.90195015600011,14.999415358000022],[120.90196578300004,14.999545179000052],[120.90207396000005,14.999628046000055],[120.90221780700006,14.999723668000058],[120.90225511100004,14.999790570000073],[120.90229295100005,14.999922369000046],[120.90232504800008,15.000061457000072],[120.90241064000008,15.000248690000035],[120.90242133900006,15.000371729000051],[120.90247483400003,15.00055896300006],[120.90250158200001,15.00071944800004],[120.90261392200011,15.000853186000029],[120.90277975700008,15.001008322000075],[120.90295094200007,15.001163458000065],[120.90306863100011,15.001307896000071],[120.903127476,15.00143093500003],[120.90325051500008,15.00161281800007],[120.90330401000006,15.001816100000042],[120.90342170000008,15.001976586000069],[120.90349124300008,15.002099625000028],[120.9036517290001,15.00214242100003],[120.90391385600003,15.002302907000058],[120.90409573900001,15.002415246000055],[120.9042348270001,15.002554334000024],[120.9043204190001,15.002650625000058],[120.9044060120001,15.00269342200005],[120.90457184700006,15.002827160000038],[120.90467348800007,15.002912752000043],[120.90476977900005,15.002976946000047],[120.90502655600005,15.003078587000061],[120.90525658600006,15.003164180000056],[120.90542777000007,15.00321232500005],[120.90553476100001,15.003265820000024],[120.90573804200005,15.003356762000067],[120.90583968300007,15.003447704000052],[120.90595737300009,15.003549345000067],[120.90604831500002,15.003624238000043],[120.90626229600002,15.003720530000066],[120.90641743200001,15.003790074000051],[120.90667420900002,15.003891714000076],[120.90696308300005,15.003998705000072],[120.90725195700008,15.004078948000029],[120.90736964700011,15.00413244300006],[120.90746593800009,15.004175239000062],[120.9075675790001,15.004201987000044],[120.9076531710001,15.004212686000074],[120.9077655110001,15.004169890000071],[120.90783505500008,15.00410034600003],[120.90790994800011,15.004062899000076],[120.9080222880001,15.004020103000073],[120.9081506770001,15.003982656000062],[120.90832721100003,15.003988006000043],[120.90852514300002,15.004036152000026],[120.9087172400001,15.004309052000053],[120.90889021800001,15.00447626500005],[120.90907472800006,15.004568520000078],[120.90924194000002,15.004776094000022],[120.90925347200005,15.004879881000022],[120.90912662200003,15.004989434000038],[120.90898823900011,15.005081689000065],[120.90889598400008,15.005248901000073],[120.90902860100005,15.005583326000021],[120.90901130300006,15.005837027000041],[120.9089248140001,15.006073431000061],[120.90890751600011,15.006361728000059],[120.90894787700006,15.006632728000056],[120.90893634500003,15.006955621000031],[120.908970941,15.007140131000028],[120.90890175000004,15.007503385000064],[120.9087979630001,15.007774385000062],[120.90867111200009,15.00801655400005],[120.90841741000008,15.008322149000037],[120.90818677300001,15.008431702000053],[120.90804262400002,15.008454766000057],[120.90790474100004,15.008490054000049],[120.90767050500006,15.008522993000042],[120.907529597,15.008543123000038],[120.90737222000007,15.008543123000038],[120.90725144200007,15.008522993000042],[120.90715628300006,15.008453455000051],[120.90711419400009,15.00838208600004],[120.9070647850001,15.008292417000064],[120.90703550500007,15.008149679000041],[120.90699341600009,15.007984982000039],[120.90694766600006,15.007825774000025],[120.90680567400011,15.007414897000046],[120.90653890100009,15.007201423000026],[120.90612160400008,15.006954187000076],[120.90588373000003,15.006727157000057],[120.90568359000008,15.00658866200007],[120.90552482500004,15.006580665000058],[120.90531316800002,15.006461688000059],[120.90503130200011,15.006385099000056],[120.90480347400012,15.006219391000059],[120.90469998100002,15.006252690000053],[120.90458799700002,15.00623672100005],[120.9044560850001,15.006222163000075],[120.90426153200008,15.006230057000039],[120.90413275500009,15.00625253100003],[120.90396447700005,15.006237338000062],[120.90376163500002,15.006277779000072],[120.90351428800011,15.00631517000005],[120.9029492840001,15.006485626000028],[120.90275123600009,15.006518184000072],[120.90259524300006,15.006590936000066],[120.90244840300011,15.00668335100005],[120.90221237300011,15.006793423000033],[120.9020375880001,15.006835477000038],[120.90186997500007,15.006981320000023],[120.90173877900008,15.007125224000049],[120.90150592700002,15.007348037000042],[120.90135317200009,15.00742888700006],[120.90125746700005,15.007541556000035],[120.90111135400002,15.007694646000061],[120.90111633700008,15.007808778000026],[120.9010822460001,15.008090523000021],[120.90099452100003,15.00826373800004],[120.90090386300005,15.008446627000069],[120.90086842500011,15.008649543000047],[120.90074448100006,15.009099640000045],[120.9004679630001,15.00947625300006],[120.90026064100005,15.009940003000054],[120.89999316300009,15.010273616000063],[120.89966809600003,15.010433976000058],[120.89939183500007,15.01075233000006],[120.89914595100004,15.01136292700005],[120.89911842800007,15.011680614000056],[120.89895796100006,15.012170229000048],[120.89893031300005,15.01269264900003],[120.89885848200004,15.012987973000065],[120.89890040700004,15.013545389000058],[120.89886646500008,15.014011947000029],[120.89885008600004,15.014425324000058],[120.89884031600002,15.014886132000072],[120.89866511000002,15.015435093000065],[120.8983520060001,15.01576125500003],[120.89795496400006,15.01601058700004],[120.89727800800006,15.016590202000032],[120.89690974200005,15.016692205000027],[120.89656457700005,15.016753847000075],[120.89631459400005,15.016703375000077],[120.8960661000001,15.016578769000034],[120.89584454100009,15.016356302000077],[120.8956855460001,15.01612807400005],[120.8954988910001,15.01595642500007],[120.89528917100006,15.015953812000078],[120.89497606300006,15.015797507000059],[120.89469464800004,15.015733761000035],[120.89450417100011,15.01565576300004],[120.89425128500011,15.015592574000038],[120.894005622,15.015623836000032],[120.8939030890001,15.015679670000054],[120.89389314400012,15.015682524000056],[120.8936116540001,15.015754236000078],[120.8935379080001,15.015700762000051],[120.89335394300008,15.015710368000043],[120.8930820060001,15.015760345000047],[120.89292133300012,15.015801790000069],[120.89262978800002,15.015838969000072],[120.89244076800003,15.015811057000064],[120.8923304860001,15.015725505000034],[120.89232056000003,15.015714270000046],[120.89231023000002,15.015711467000074],[120.8921598820001,15.015561332000061],[120.89201828000012,15.015496215000042],[120.89189059900002,15.015342927000063],[120.89183750200004,15.01519003900006],[120.8917850790001,15.01504469300005],[120.89169428200012,15.014949326000021],[120.89150799800007,15.01490130700006],[120.89144207700008,15.01476936000006],[120.89131538600009,15.014685973000041],[120.89103921900005,15.014584487000036],[120.89065642000003,15.014492208000036],[120.89031033800006,15.014427838000074],[120.89003730200011,15.014412548000053],[120.89004637000005,15.014362326000025],[120.88989556800004,15.014322580000055],[120.88970355700008,15.014288814000054],[120.88947407100011,15.01423806400004],[120.88930344700009,15.014211835000026],[120.88904848700008,15.014122937000025],[120.88878277600008,15.014148727000077],[120.8885536900001,15.01416159300004],[120.88825217300007,15.014138399000046],[120.88804343100003,15.014122937000025],[120.88772645100005,15.014153862000057],[120.8871234180001,15.014200249000055],[120.88669047100007,15.014285292000068],[120.88634256700004,15.014308486000061],[120.88604878100011,15.014362604000041],[120.88579365200007,15.014401260000056],[120.88550759700001,15.01447857200003],[120.8851596930001,15.014494035000041],[120.88468035900007,15.014625465000051],[120.88434018600003,15.014656390000027],[120.88415463700005,15.014656390000027],[120.88397682000004,15.014671852000049],[120.88376034600003,15.014725971000075],[120.8835052170001,15.014756895000062],[120.88333513000009,15.014749164000023],[120.88308000100005,15.014710508000064],[120.88294083900007,15.01468731500006],[120.88268571000003,15.014625465000051],[120.88254654800005,15.014586809000036],[120.88222183800008,15.01448630300007],[120.88188939600002,15.014370335000024],[120.88161981100006,15.014240638000047],[120.88117103000002,15.013932278000027],[120.88102061500001,15.014221489000022],[120.8805115240001,15.013742087000026],[120.87985681200007,15.01334577800003],[120.87992706500006,15.013165128000026],[120.87998607000009,15.012917306000077],[120.87986805900005,15.012704886000051],[120.87977365100005,15.01253967100007],[120.87952582800006,15.01236265500006],[120.87932521000005,15.012291849000064],[120.87905378500011,15.012221042000021],[120.87875875800012,15.012103031000038],[120.87846373100001,15.011973219000026],[120.87806314800002,15.01174635600006],[120.87773206400004,15.011571983000067],[120.87743703700005,15.011406768000029],[120.87718921400005,15.011206149000031],[120.87694139100006,15.010911122000039],[120.87662276200001,15.010663300000033],[120.87630413300008,15.010427278000066],[120.8761153160001,15.010262063000027],[120.87591469800009,15.010108649000074],[120.87566687500009,15.009884428000078],[120.8754190520001,15.009589401000028],[120.87527743900012,15.009247170000037],[120.87526563800009,15.008975745000043],[120.87538364900001,15.008763326000064],[120.87564327300004,15.008609912000054],[120.8758674930001,15.008621713000025],[120.876174321,15.008727923000038],[120.87636313900009,15.008845933000032],[120.87662276200001,15.009034751000058],[120.87678797700005,15.009247170000037],[120.87700039700007,15.009601202000056],[120.87715381100008,15.009896229000049],[120.87735442900009,15.010132251000073],[120.87754324700006,15.010321068000053],[120.87779106900007,15.010462681000035],[120.87809789700009,15.010604294000075],[120.87856994000003,15.010722305000058],[120.87878236000006,15.010769509000056],[120.87918359700006,15.010769509000056],[120.87951402700003,15.01071050400003],[120.8798916610001,15.01052168700005],[120.88006867800004,15.010285665000026],[120.88011588200004,15.010049643000059],[120.88000967200003,15.009801821000053],[120.87986805900005,15.009589401000028],[120.87954943000011,15.009424186000047],[120.87936061300002,15.009235369000066],[120.87893577400007,15.008940342000074],[120.87864074700008,15.008692519000022],[120.87840472500011,15.008409293000057],[120.87826311200001,15.008137869000052],[120.8781569030001,15.00785464300003],[120.8781569030001,15.007429804000026],[120.87821590800002,15.007122976000062],[120.87834572000008,15.006898755000066],[120.87854633800009,15.006556524000075],[120.87880596200011,15.006332303000022],[120.87910098900011,15.00616708800004],[120.8794432200001,15.005942868000034],[120.8798444570001,15.005659642000069],[120.880198489,15.005305609000061],[120.88049351600012,15.004868970000075],[120.88074133900011,15.004408727000055],[120.88087115100006,15.004149104000078],[120.88093015600009,15.00383047500003],[120.88102456500008,15.003382034000026],[120.88103196200007,15.003167512000061],[120.8810363660001,15.003039802000046],[120.88090655400003,15.002721173000054],[120.88071773700005,15.002437947000033],[120.8805407210001,15.002201926000055],[120.8803401020001,15.002001307000057],[120.88015128500001,15.001871495000046],[120.87991526300004,15.001694479000037],[120.87967924200007,15.001588269000024],[120.87949042500009,15.001517463000027],[120.87930160700012,15.001458458000059],[120.87900658,15.00143485500007],[120.87874695700009,15.001399452000044],[120.87854633800009,15.001423054000043],[120.87836932200003,15.001458458000059],[120.87814510200008,15.001482060000058],[120.8780034890001,15.00147025900003],[120.8778028700001,15.00143485500007],[120.87760225200009,15.001352248000046],[120.87729542400007,15.001163431000066],[120.87709480600006,15.001010017000056],[120.87688238600003,15.000821199000029],[120.87678797700005,15.00060878000005],[120.87675257400008,15.00027835000003],[120.87672897200002,15.000030527000035],[120.87675257400008,14.999794505000068],[120.87683518200004,14.999546683000062],[120.87692959000003,14.999334263000037],[120.87711840800011,14.999169048000056],[120.877319026,14.999121844000058],[120.87754324700006,14.999086441000031],[120.87806249400012,14.999169048000056],[120.87835752100011,14.999310661000038],[120.8786997520001,14.999452274000078],[120.87907738700005,14.999641091000058],[120.87947862400006,14.999759102000041],[120.87986805900005,14.999829909000027],[120.880399108,14.999947919000022],[120.88070593600003,14.999983323000038],[120.88091835500006,14.999995124000066],[120.88162642000009,14.999888914000053],[120.88192144700008,14.999841710000055],[120.88229908200003,14.999759102000041],[120.88270031800005,14.999652892000029],[120.88293634000001,14.999511279000046],[120.88314875900005,14.999298860000067],[120.88354999600006,14.99909824200006],[120.88404564100006,14.99892122500006],[120.88434066800005,14.998732408000023],[120.88454128700005,14.998602596000069],[120.88475370600008,14.99846098300003],[120.88500152900008,14.998236763000023],[120.8853083570001,14.997929935000059],[120.88547357200002,14.997705714000062],[120.88572139500002,14.997434289000068],[120.88582760400004,14.997186467000063],[120.88589841100008,14.99689144000007],[120.88574499700007,14.996537407000062],[120.88565058800009,14.996336789000054],[120.88544997000008,14.99625418200003],[120.88521394800011,14.996265983000058],[120.88495432400009,14.996336789000054],[120.88473010400003,14.996525606000034],[120.88451768400012,14.996974047000037],[120.88426986200011,14.997221870000033],[120.88405744200008,14.997505096000054],[120.88393943200003,14.997717515000033],[120.88369160900004,14.997882730000072],[120.88349099100003,14.998012542000026],[120.88316056000008,14.998142354000038],[120.88304255000003,14.998165956000037],[120.8827239200001,14.998165956000037],[120.88231088300006,14.998165956000037],[120.88193324800011,14.99805974700007],[120.8814848070001,14.997823725000046],[120.88123698400011,14.997634908000066],[120.8810835700001,14.997328080000045],[120.88100096300002,14.99708025700005],[120.88097736100008,14.996879639000042],[120.88105996800005,14.996620015000076],[120.88120158100003,14.996395794000023],[120.88146120500005,14.996206977000043],[120.8817326300001,14.996088966000059],[120.882086662,14.996006359000035],[120.88239349000003,14.995970956000065],[120.88268851700002,14.99591195000005],[120.88299534500004,14.99588834800005],[120.883278571,14.995817542000054],[120.88357359800011,14.995687730000043],[120.88389222700005,14.995498912000073],[120.8841164480001,14.99523928900004],[120.88431706600011,14.994944262000047],[120.88441390300011,14.994772728000044],[120.88445086900003,14.994658134000076],[120.88449522700012,14.994547237000063],[120.88455067600012,14.994388284000024],[120.88458764200004,14.994273690000057],[120.88467423500003,14.993901477000065],[120.88473577500008,14.993593779000037],[120.88478852300011,14.993417951000026],[120.88485006200006,14.993250915000033],[120.88494676800008,14.993066297000041],[120.88510501200005,14.992793764000055],[120.8851665520001,14.992626728000062],[120.88523688300006,14.992424526000036],[120.88527204800005,14.992125620000024],[120.88530721400002,14.991809130000036],[120.88530721400002,14.991554181000026],[120.8852105090001,14.991255274000025],[120.88510501200005,14.991053072000057],[120.88493797600006,14.990956367000024],[120.88473577500008,14.99084208000005],[120.88458047200004,14.990774557000066],[120.88453357300011,14.990754166000045],[120.88426104100006,14.990736583000057],[120.88399729900004,14.99078933100003],[120.88367201900007,14.990921202000038],[120.88334673800011,14.991079447000061],[120.88316211900008,14.991202526000052],[120.88294233500005,14.991360770000028],[120.88272255100003,14.991466267000021],[120.8824500180001,14.991554181000026],[120.88215990300012,14.991633303000071],[120.88181703900011,14.991703634000032],[120.88160604600012,14.99171242500006],[120.8813071400001,14.991694843000062],[120.88082361400006,14.991642094000042],[120.88035767200006,14.991527807000068],[120.8799884340001,14.99139593600006],[120.87976865000007,14.991237691000038],[120.87951370000008,14.991026698000042],[120.87940820300003,14.990859662000048],[120.87921479300007,14.990719],[120.87911808800004,14.990604713000039],[120.8790565490001,14.990490425000075],[120.87899500900005,14.990376137000055],[120.87896863500009,14.99017393500003],[120.87896863500009,14.989980525000021],[120.8790565490001,14.989760741000055],[120.87917083600007,14.989628870000047],[120.87933787200006,14.989391503000036],[120.87945216000003,14.989136553000037],[120.87961919600002,14.988670611000032],[120.87979502400003,14.988292582000042],[120.87991810300002,14.988011258000029],[120.88002359900008,14.987826639000048],[120.880208218,14.987571689000049],[120.88029613200001,14.987395862000028],[120.88030492300004,14.987228826000035],[120.88026975800005,14.987035416000026],[120.88026096600004,14.986842005000028],[120.88031371500006,14.986639804000049],[120.88042800300002,14.986481559000026],[120.88048954200008,14.98627056600003],[120.88051591600004,14.986050782000063],[120.88053349900008,14.985787041000037],[120.88047195900003,14.985593631000029],[120.88045437700009,14.985444177000034],[120.88055108200001,14.985285933000057],[120.88060383000004,14.985039774000029],[120.88062141300009,14.984907904000067],[120.88062141300009,14.984732076000057],[120.88055987300004,14.984582623000051],[120.88048075100005,14.98439800400007],[120.88043679400005,14.984248551000064],[120.88043679400005,14.984055141000056],[120.880507125,14.983888105000062],[120.880507125,14.98372986000004],[120.880507125,14.983580407000034],[120.88042598400011,14.983322696000073],[120.88017350500002,14.982883603000062],[120.87998689000005,14.982631124000022],[120.87973441200006,14.98237864500004],[120.87958072900005,14.982268872000077],[120.87914163500011,14.982093235000036],[120.87868058700008,14.981994439000061],[120.87812074300007,14.981829778000076],[120.87763774000007,14.981698050000034],[120.87697910000009,14.98155534500006],[120.87638405400003,14.981589438000071],[120.87637773900008,14.981562198000063],[120.87603384300007,14.981566116000067],[120.8759177820001,14.98153361900006],[120.87576458300009,14.981491838000068],[120.87566709200007,14.981463983000026],[120.87557424400006,14.981412917000057],[120.87542568700007,14.981343281000022],[120.87529105700003,14.981217936000064],[120.87508679100006,14.981129730000077],[120.8749196650001,14.981083306000073],[120.87454213100011,14.981072342000061],[120.87436649400001,14.981368730000042],[120.87420183400002,14.981478504000052],[120.87408108300008,14.981500458000028],[120.87376274100006,14.981939552000028],[120.87355573600007,14.981900017000044],[120.87263100700011,14.981723423000062],[120.87274970600004,14.981375239000045],[120.87289214500004,14.980845051000074],[120.87317702200005,14.980583914000022],[120.87250439500008,14.980386083000042],[120.87226746400006,14.980314794000037],[120.87222736800004,14.980199381000034],[120.87212038700011,14.98010381000006],[120.8719127380001,14.980028737000055],[120.87155596600007,14.979989081000042],[120.87126593200003,14.980017899000075],[120.87119348700003,14.980023931000062],[120.87111210400008,14.980067391000034],[120.87103643900002,14.980129497000064],[120.87096535400008,14.98018223300005],[120.87078250000002,14.980204483000023],[120.8696646190001,14.980314751000037],[120.8694827590001,14.980173559000036],[120.86932035000007,14.98022562500006],[120.8692064170001,14.980087100000048],[120.86887528600005,14.980029843000068],[120.86831080800005,14.97989786200003],[120.8681928530001,14.979894325000032],[120.86805095300008,14.979925069000046],[120.86778435300005,14.98004359600003],[120.86766692700007,14.980042551000054],[120.86751756300009,14.980002424000077],[120.86696691300006,14.979961394000043],[120.86667298800012,14.97994961300003],[120.86632706600005,14.97981507000003],[120.86568986500004,14.980002893000062],[120.86555010300003,14.979992481000068],[120.8654238790001,14.979965420000042],[120.86530618300003,14.979973322000035],[120.86474149300011,14.977814275000071],[120.85629099500011,14.976220701000045],[120.85649547100002,14.975277843000072],[120.85469240100008,14.975407502000053],[120.85227297100005,14.973866358000066],[120.85222080200003,14.973840105000022],[120.85224832800009,14.973752282000078],[120.8524624260001,14.97365153000004],[120.85305434300005,14.972266192000063],[120.8534573500001,14.972089876000041],[120.85375960600004,14.971497959000033],[120.85319287700008,14.971195704000024],[120.85271430600005,14.971057170000051],[120.85170678700001,14.970754915000043],[120.85167469700002,14.970742273000042],[120.85201591100008,14.970122321000076],[120.85564798900009,14.962144803000058],[120.85564799100007,14.962012062000042],[120.85594432300002,14.960212262000027],[120.85594885100011,14.960118113000021],[120.85588776100008,14.960068027000034],[120.85485776100006,14.959695098000054],[120.85453049500006,14.959526279000045],[120.85380834300008,14.959120833000043],[120.85257355800002,14.958416116000024],[120.85228329400002,14.958155241000043],[120.85213305500008,14.958042940000041],[120.85162257900004,14.957731738000064],[120.85143289500002,14.957658870000046],[120.8510771120001,14.957448636000038],[120.85096945400005,14.957477464000021],[120.84911058500006,14.957067304000077]]]}},{"type":"Feature","properties":{"shapeName":"Bustos","shapeISO":"","shapeID":"30758251B3009870248876","shapeGroup":"PHL","shapeType":"ADM3"},"geometry":{"type":"Polygon","coordinates":[[[120.95939887400004,14.949525091000055],[120.95886966100011,14.950223008000023],[120.95837612000003,14.950413315000048],[120.95789897800012,14.95049242600004],[120.95736245100011,14.950396210000065],[120.95699010600003,14.950316342000065],[120.95656219300008,14.950680589000058],[120.95571430300004,14.951375941000038],[120.95507942100005,14.95193899700007],[120.95527950700011,14.952543561000027],[120.95551754400003,14.952452030000075],[120.95581877200004,14.952329901000041],[120.95621707200007,14.952033725000035],[120.95643036900003,14.95166849800006],[120.95680771000002,14.951414771000032],[120.95710429600001,14.951176361000023],[120.95768387500004,14.950889739000047],[120.95791202400005,14.95098585200003],[120.95784520000007,14.95127235700005],[120.95748282900001,14.951415268000062],[120.95700511400003,14.951653545000056],[120.956399486,14.952271636000035],[120.95560877300011,14.952724467000053],[120.95526209500008,14.952800693000029],[120.95509036700003,14.953153544000031],[120.95454641700007,14.954278595000062],[120.95401281300008,14.95549707400005],[120.95413659700012,14.955803805000073],[120.95501320900007,14.956620254000029],[120.9551291890001,14.956728273000067],[120.95401722300005,14.95729607100003],[120.95258218000004,14.958256496000047],[120.95259145200009,14.958277364000025],[120.95250471100007,14.958333011000036],[120.95204529900002,14.958967337000047],[120.95122329600008,14.958780519000072],[120.9511632550001,14.958785072000069],[120.95108551100009,14.958775459000037],[120.95095782300007,14.958723501000065],[120.95094576200006,14.958717442000022],[120.95073093700012,14.958668618000047],[120.95064608000007,14.958706131000042],[120.95051406200002,14.958744711000065],[120.9501436590001,14.95925601500005],[120.95008953700005,14.959245426000052],[120.95000792300004,14.959298108000041],[120.94997273700005,14.959381647000043],[120.94994241900008,14.959431112000061],[120.94997615900002,14.959482033000029],[120.94842682800004,14.959729699000036],[120.9484104930001,14.959777302000077],[120.9483483790001,14.959748137000076],[120.94829630700008,14.959761699000069],[120.94824573900007,14.959787154000026],[120.94815667600005,14.960033848000023],[120.94812043000002,14.960057208000023],[120.94803964500011,14.960061152000037],[120.94798884400007,14.960006682000028],[120.9477637550001,14.960079757000074],[120.94758652400003,14.960177326000064],[120.94738329200004,14.960276770000064],[120.94725471400011,14.960372163000045],[120.94717045400012,14.960449950000054],[120.94707201900007,14.960455827000033],[120.9469060450001,14.960489315000075],[120.94510736300003,14.96149581700007],[120.94345313200006,14.96168166900003],[120.94344882400003,14.96213343900007],[120.94143257200005,14.961875234000047],[120.93954420700004,14.96048776400005],[120.93790646100001,14.960278181000035],[120.93787632400006,14.960292570000036],[120.93768486700003,14.960529209000072],[120.93694076800011,14.961077094000075],[120.9352635460001,14.960820578000039],[120.93170980100001,14.961451544000056],[120.93135364700004,14.963379521000036],[120.93057890000011,14.963524273000075],[120.92902149600002,14.964259327000036],[120.92809640900009,14.963801770000032],[120.926433771,14.964435251000054],[120.92553517800002,14.964951246000055],[120.9225200190001,14.96375106000005],[120.92176125700007,14.962236962000077],[120.92161239300003,14.961483777000069],[120.92074686500007,14.961393068000064],[120.9207420670001,14.961401895000051],[120.92070216200011,14.961498075000065],[120.92042929900003,14.961536589000048],[120.91926785500004,14.961371418000056],[120.91921395500003,14.961232408000058],[120.91865225700008,14.961173536000047],[120.91802662300006,14.961505421000027],[120.91805624500012,14.961519292000048],[120.9179961100001,14.961642056000073],[120.91785651600003,14.96168509100005],[120.91765461600005,14.961702761000026],[120.9167062030001,14.962205864000055],[120.91640402400003,14.962179495000044],[120.91629704900004,14.962233603000072],[120.91614072800007,14.962350273000027],[120.91598893700007,14.962449580000055],[120.9158368300001,14.96235050100006],[120.91591707000009,14.962233941000022],[120.91600481300009,14.962144658000057],[120.91589306300011,14.962134906000074],[120.91581880100011,14.962272855000037],[120.91560419400003,14.962251438000067],[120.91567015200008,14.96211545400007],[120.9147127970001,14.96203190700004],[120.91353906200004,14.960682097000074],[120.91254880200006,14.95983650200003],[120.91141100300001,14.958527605000029],[120.9112045060001,14.958435801000064],[120.91104353700007,14.958380994000038],[120.91066707800007,14.958208452000065],[120.9100901700001,14.958021947000077],[120.90979121500004,14.957882482000059],[120.90949769200006,14.957699817000048],[120.9094901090001,14.957692813000051],[120.90817578600002,14.957294792000027],[120.90760417700005,14.956944966000037],[120.90708092800003,14.956101427000021],[120.90650886600008,14.955752036000035],[120.9058946880001,14.953944057000058],[120.90542279500005,14.953655147000063],[120.90542718000006,14.95320338700003],[120.90524240200011,14.950592813000071],[120.90468569000006,14.947214650000035],[120.90363431900005,14.946409940000024],[120.9034472410001,14.946140849000074],[120.90331983700003,14.946093199000074],[120.90324616200007,14.946130295000046],[120.90264181300006,14.94588277400004],[120.9023436440001,14.945765848000065],[120.9022239200001,14.945610800000054],[120.90222366700004,14.945458219000045],[120.90230238600009,14.945356042000071],[120.90232551800011,14.945326032000025],[120.90199129200005,14.944007465000027],[120.90153645200007,14.943833125000026],[120.90151993200004,14.943831140000043],[120.90126094200002,14.943734257000074],[120.90117885900008,14.943782872000043],[120.90095441900007,14.943801626000038],[120.9008503770001,14.943713585000069],[120.90076910500011,14.94362555500004],[120.900671568,14.943540660000053],[120.90051221300007,14.943493448000027],[120.90035632800004,14.943361038000035],[120.90012303300011,14.943212803000051],[120.89999307700009,14.943089028000031],[120.89980187900005,14.942963612000028],[120.8997477370001,14.942928098000039],[120.89948758600008,14.942757452000023],[120.8993306100001,14.942561097000066],[120.89929173500002,14.942536618000076],[120.89912507300005,14.942405312000062],[120.8989532600001,14.942293016000065],[120.89892818900012,14.94216182200006],[120.8990219960001,14.942175063000036],[120.89865773600002,14.941719422000062],[120.89864123500001,14.941717389000075],[120.89852964400006,14.941559195000025],[120.89786370800005,14.940726188000042],[120.89725980000003,14.939133322000032],[120.89728222500003,14.939017845000023],[120.89732655900002,14.938960996000048],[120.89729889000012,14.938904769000033],[120.89709352900002,14.93831824800003],[120.89704369100002,14.937909268000055],[120.89704506900011,14.937550860000044],[120.89697967000006,14.937368009000068],[120.89680149300011,14.937046039000052],[120.89666395200004,14.936870988000067],[120.89664832300002,14.936749077000059],[120.89661586000011,14.936685504000025],[120.89657330000011,14.936602158000028],[120.8964732710001,14.93641460300006],[120.896332604,14.936142647000054],[120.89607315300009,14.936020736000046],[120.89594259100011,14.935688438000057],[120.89592685600007,14.935163945000056],[120.89548771000011,14.933998319000068],[120.89514570100005,14.933316628000057],[120.89494656900001,14.933030418000044],[120.89479811900003,14.93281795400003],[120.89448490500001,14.932385861000057],[120.89392044800002,14.93180968400003],[120.89356413400003,14.93159386700006],[120.89311917300006,14.931323343000031],[120.89218739800003,14.930953320000071],[120.8915381920001,14.930576165000048],[120.89096302200005,14.93056965900007],[120.89050671500001,14.93045995600005],[120.89009840300002,14.930338555000048],[120.88951554200003,14.92978086900007],[120.88908583500006,14.929236045000039],[120.88868439600003,14.928833669000028],[120.8883035560001,14.928263672000071],[120.88812250700005,14.927800959000024],[120.88817497100001,14.927526667000052],[120.88821045500003,14.926943361000042],[120.88822769600006,14.926837765000073],[120.88831399800006,14.926309176000075],[120.88831077100008,14.925660901000072],[120.88827046800009,14.925199639000027],[120.88844416000006,14.924894754000036],[120.88852788400004,14.924618998000028],[120.88851003400009,14.92442733200005],[120.888568942,14.923845820000054],[120.88883353000006,14.923272457000053],[120.8890510760001,14.922594],[120.8890302960001,14.922404332000042],[120.88911394200011,14.922211564000065],[120.88928596500011,14.92191641200003],[120.88951946600002,14.921666087000062],[120.88953144300001,14.921655561000023],[120.89040638100005,14.920987530000048],[120.8905218210001,14.92112030800007],[120.89035154800001,14.92119518900006],[120.89024801200003,14.92139529700006],[120.89054123200003,14.921465706000049],[120.89071194600001,14.92153266400004],[120.89121442600003,14.921728125000072],[120.8916104970001,14.921883768000043],[120.89205545700008,14.922058413000059],[120.89224890100002,14.922110241000041],[120.89235954700007,14.922139903000073],[120.89241234100007,14.922139928000036],[120.8924514250001,14.922142820000033],[120.89248784800009,14.922139248000065],[120.89250210400007,14.92213785000007],[120.89366782900004,14.922220646000028],[120.89536594800006,14.922466665000059],[120.89596079400008,14.922534722000023],[120.89681449300008,14.922631816000035],[120.89760248800008,14.92271531800003],[120.89823861800005,14.922753562000025],[120.898279236,14.922756290000052],[120.89891480900008,14.922808092000025],[120.89894036600003,14.922809007000069],[120.89957314700007,14.92289097500003],[120.89980847200002,14.922921458000076],[120.90154426800007,14.923030667000035],[120.90165060800007,14.92302619700007],[120.90165730700005,14.923001794000072],[120.90175048000003,14.922521011000072],[120.90199242300002,14.922533767000061],[120.90221634300008,14.92252121100006],[120.90226635200008,14.922519426000065],[120.90241247600011,14.922509546000072],[120.90250543800005,14.922479761000034],[120.90305224500003,14.922722214000032],[120.90396312200005,14.922524031000023],[120.90465527900005,14.922697070000027],[120.90486292600008,14.922701396000036],[120.9049970320001,14.92263218100004],[120.9053431100001,14.922571617000074],[120.90710378500012,14.922852806000037],[120.90725488200007,14.922805570000037],[120.90736056500009,14.922772544000054],[120.90748126000005,14.922733513000026],[120.90777431200002,14.922593247000066],[120.90807280500007,14.922554313000035],[120.90870439900004,14.922545661000072],[120.90894665400003,14.922376948000021],[120.90906345500002,14.92224284200006],[120.90927986800011,14.92212689300004],[120.90913655400004,14.921891439000035],[120.90912834800008,14.921634011000037],[120.90923929200005,14.92140147400005],[120.90977954800007,14.92094019700005],[120.90957178100007,14.920464022000033],[120.9098179770001,14.919984965000026],[120.91008349900005,14.919719513000075],[120.91032512100003,14.91956304100006],[120.91049477000001,14.919460333000075],[120.910607679,14.919353986000033],[120.91063070000007,14.918879355000058],[120.9106415330001,14.918599037000035],[120.91078226400009,14.918434071000036],[120.91100631400002,14.918258862000073],[120.91118032700001,14.91830688500005],[120.91137855300008,14.918264948000058],[120.9115483280001,14.918122655000047],[120.91153108600008,14.917850882000039],[120.91153109700008,14.917733782000028],[120.91145917500012,14.917469893000032],[120.91138725600001,14.917201556000066],[120.91128372500009,14.917001510000034],[120.91117038000004,14.916962144000024],[120.91091564900012,14.916855326000075],[120.91083799000012,14.916447619000053],[120.91074091700011,14.91611757000004],[120.9105758930001,14.915991375000033],[120.9104108680001,14.915962253000032],[120.91027713900007,14.915972213000032],[120.91019730700009,14.91590400900003],[120.9103495810001,14.915588865000075],[120.91030306200003,14.915219696000065],[120.91016818500009,14.914952692000043],[120.91009231100008,14.91475691100004],[120.91010684300011,14.914471411000022],[120.9102972600001,14.91424218700007],[120.910158335,14.914068548000046],[120.90991624500009,14.913877537000076],[120.90972016600006,14.91352140600003],[120.90948050000009,14.913473578000037],[120.909135461,14.913406319000046],[120.9089261260001,14.913095217000034],[120.90856937600006,14.913106355000025],[120.90843836600004,14.912845651000055],[120.9084437780001,14.912627418000056],[120.90837419700006,14.91239188000003],[120.9081274880001,14.912136887000031],[120.90813661100003,14.911876403000065],[120.90846778700006,14.911563031000071],[120.90869845100008,14.911078502000066],[120.90856336900003,14.91101758800005],[120.90853690400002,14.91087677400003],[120.90841872100009,14.910718570000029],[120.90829864800003,14.910541628000033],[120.90820665000001,14.910315765000064],[120.90815111600011,14.91021279000006],[120.90814060900004,14.910106914000039],[120.90811963200008,14.909999667000022],[120.90805571600004,14.909829070000058],[120.90802429100006,14.909714756000028],[120.90799433200004,14.909610459000078],[120.90793131800001,14.909446544000048],[120.90782001100001,14.909264355000062],[120.90773446000003,14.909188937000067],[120.90769070400006,14.909110301000055],[120.90766218600004,14.909059538000065],[120.90765017900003,14.908981219000054],[120.90766368600009,14.908884045000036],[120.90767109,14.908700876000069],[120.90777148400002,14.908641886000055],[120.90786040400008,14.908560650000027],[120.90797451200001,14.908529609000027],[120.90804364200005,14.908304896000061],[120.9081387970001,14.908216020000054],[120.90848854300009,14.908087869000042],[120.90859266600012,14.908058501000028],[120.90869270600001,14.908045621000042],[120.90880210400007,14.908021741000027],[120.908908343,14.907984978000059],[120.90907969800003,14.908011559000045],[120.90921185800005,14.908098444000075],[120.90936285700002,14.908126249000077],[120.90948043500009,14.908120457000052],[120.90955883600009,14.908071046000032],[120.9095931380001,14.907997737000073],[120.90959319500007,14.907950146000076],[120.90959091800005,14.907800358000031],[120.90964501400003,14.907743265000022],[120.90971864300002,14.907750282000052],[120.9097701180001,14.907842809000044],[120.90982407500007,14.907892590000074],[120.90991725900005,14.907894775000045],[120.909990751,14.907835284000043],[120.90994908400012,14.907745202000058],[120.90986579600008,14.907659984000077],[120.90987318500004,14.90755587800004],[120.90992473500012,14.907439847000035],[120.91000575600003,14.907352167000056],[120.91002054600006,14.907281019000038],[120.90990529200008,14.907074427000055],[120.90978984000003,14.90704588500006],[120.90969892600003,14.907000698000047],[120.90962271500007,14.906941224000036],[120.90954159500006,14.906926934000069],[120.909494816,14.906860289000065],[120.90950700200005,14.906765035000035],[120.90949951300001,14.906669703000034],[120.90937402000009,14.906619715000033],[120.90926334800008,14.906622140000025],[120.90910589000009,14.906565038000053],[120.9090035260001,14.906514070000071],[120.90892478900003,14.906395147000069],[120.90885583700003,14.906185708000066],[120.90879180500008,14.906111889000044],[120.90868590700006,14.906045204000065],[120.90863662700008,14.905990412000051],[120.9086562980001,14.905828464000024],[120.90872774800005,14.905759448000026],[120.90875010000002,14.905657549000068],[120.90873792500008,14.905556592000039],[120.90876765000007,14.905440311000064],[120.9087530600001,14.90530983900004],[120.9086772170001,14.905230656000072],[120.9086772170001,14.905082052000068],[120.90867931000002,14.904872750000038],[120.90864163600008,14.90478693600005],[120.90857675200004,14.904644610000048],[120.90853489100004,14.904546238000023],[120.90844636200006,14.904455261000066],[120.90838210100003,14.904395541000042],[120.90830675200004,14.904332750000037],[120.9082544260001,14.90428879700005],[120.90821884500008,14.904152750000037],[120.90819582200004,14.903993680000042],[120.90814977500008,14.903941355000029],[120.90812256600009,14.903803215000039],[120.90804571300009,14.90352118100003],[120.90803511700005,14.903277474000049],[120.90794739400008,14.903086165000047],[120.90779598800009,14.902944300000058],[120.907737741,14.902790591000041],[120.90763925600004,14.902578426000048],[120.90756589900002,14.902474465000068],[120.90749248000009,14.902439007000055],[120.90742590400009,14.902407961000051],[120.90731665500005,14.902406215000042],[120.90714400400009,14.902397768000071],[120.90701425800012,14.902324178000072],[120.90684381200003,14.902114348000055],[120.90668943500009,14.901942388000066],[120.90628340400008,14.901645218000056],[120.905886914,14.901341415000047],[120.90551677400003,14.901083568000047],[120.9051888460001,14.900744583000062],[120.90496893600005,14.900515407000057],[120.90473298200004,14.900387840000064],[120.9049761120001,14.900064446000044],[120.90507740400005,14.899963777000039],[120.90509081700009,14.89986056400005],[120.90508258000011,14.899758990000066],[120.90507848100003,14.89964675400006],[120.90509291800004,14.899590939000063],[120.90513190000001,14.899476948000029],[120.9051160570001,14.89923346200004],[120.90514638000002,14.899142751000056],[120.90526918300009,14.898631712000054],[120.9052735460001,14.898405076000074],[120.9053400790001,14.897879207000074],[120.9052881,14.897757816000023],[120.90508491000003,14.897667735000027],[120.90516705400012,14.897284005000074],[120.90527299500002,14.896800839000036],[120.90543591300002,14.89624501700007],[120.90549252900007,14.896180616000038],[120.9056042840001,14.896112755000047],[120.90509344600002,14.89458511600003],[120.90491343400004,14.89413533100003],[120.90487023000003,14.894025958000043],[120.90499727500003,14.893942954000067],[120.90512395300004,14.893857590000039],[120.90515948400002,14.893636927000045],[120.90515778500003,14.893522619000066],[120.90520174300002,14.893488347000073],[120.90526597900009,14.893450821000044],[120.90539829700003,14.893311229000062],[120.90551827500008,14.89319514500005],[120.90557409700011,14.893077256000026],[120.90553344900002,14.892965755000034],[120.90544260700005,14.892909360000033],[120.90556787300011,14.892815932000076],[120.9056719560001,14.892702331000066],[120.90558603700003,14.892657100000065],[120.90560132500002,14.892586728000026],[120.90590389500005,14.892616664000059],[120.90628288800008,14.892676315000074],[120.90665307400002,14.892694567000035],[120.90690827900005,14.892766495000046],[120.90696185600007,14.892828058000077],[120.90713322500005,14.892888117000041],[120.90719011400006,14.892877007000038],[120.90726152900004,14.892857427000024],[120.90731158400001,14.892881887000044],[120.90735093600006,14.89294516900003],[120.90741706300003,14.89298913600004],[120.90747659100009,14.892973526000048],[120.90756017000001,14.892947561000028],[120.90763260100005,14.892959887000075],[120.90767932800009,14.893019024000068],[120.9076869480001,14.893108401000063],[120.90777667500004,14.893105567000077],[120.90787160700006,14.893093821000036],[120.908235579,14.893086951000043],[120.90828973400005,14.89310111900005],[120.9083477260001,14.89309926900006],[120.908399271,14.893138375000035],[120.90843257400002,14.893160483000031],[120.908526058,14.893149859000061],[120.90864465300001,14.893190446000062],[120.9087447710001,14.893220432000078],[120.90879005600004,14.893263669000078],[120.90886355300006,14.893290410000077],[120.90898024600006,14.89335356600003],[120.90922836800007,14.893408277000049],[120.90941146000011,14.893432699000073],[120.90960950800002,14.893546620000052],[120.90981053200005,14.893600254000035],[120.91002815600007,14.893705612000076],[120.91023477300007,14.893787059000033],[120.91040587600003,14.893919672000038],[120.91049722100001,14.893973009000035],[120.91063449600006,14.89400074100007],[120.91072566800005,14.894018544000062],[120.91077524500008,14.894048288000022],[120.91082744300002,14.894021055000053],[120.910914004,14.894042575000071],[120.91093340000009,14.894063101000029],[120.91100112000004,14.894066073000033],[120.91116412800011,14.894104673000072],[120.91125642700001,14.89417353400006],[120.91145075000009,14.894187886000054],[120.91158596900004,14.89422522700005],[120.91168017000007,14.894298126000024],[120.91175951100001,14.894327027000031],[120.91184467100004,14.894289380000032],[120.91195980100008,14.894264865000025],[120.91202009900007,14.89428126200005],[120.91217330900008,14.894328851000068],[120.9123067480001,14.894391711000026],[120.912506,14.894605867000053],[120.91283151800008,14.894874136000055],[120.9131645650001,14.89521794600006],[120.91357524900002,14.895540678000032],[120.91386643500005,14.895829587000037],[120.91370630300003,14.89706135800003],[120.91470416000004,14.89798965600005],[120.91589743200007,14.898979756000074],[120.91677237400006,14.89969732700007],[120.91811062800002,14.899793438000074],[120.92009863400006,14.899936303000061],[120.92131538300009,14.900031513000044],[120.92181099400011,14.900074749000055],[120.92299968700002,14.900160675000052],[120.92345561700006,14.900110960000063],[120.92527490600003,14.900230580000027],[120.9253002480001,14.900232279000022],[120.92821088500011,14.900392036000028],[120.93197742300003,14.900646675000075],[120.93474424900012,14.903181149000034],[120.93481159200007,14.903217647000076],[120.93488583500005,14.903257970000027],[120.93518390700001,14.903596807000042],[120.93522273400004,14.903696215000025],[120.93570007200003,14.903608010000028],[120.93589116600003,14.903605583000058],[120.93603211100003,14.90364932600005],[120.93623613400007,14.90382171300007],[120.93638454900008,14.903935699000044],[120.93670098000007,14.90398175300004],[120.93720833300006,14.903865519000021],[120.93726111900003,14.90370763900006],[120.93733647200008,14.903386770000054],[120.93738679300009,14.90308542200006],[120.93771680000009,14.903358056000059],[120.93793534500003,14.903554777000068],[120.93821863900007,14.903363507000051],[120.93832627400002,14.903332154000054],[120.93855023300011,14.903110631000061],[120.93874323000011,14.903069438000045],[120.93882595200012,14.903008846000034],[120.93880339300006,14.902691550000043],[120.93885100900002,14.902575568000032],[120.9390513830001,14.902539495000042],[120.93920663300003,14.90255410900005],[120.9393419050001,14.902650883000035],[120.93939740000008,14.90274733800004],[120.9396838350001,14.902756385000032],[120.9398769610001,14.902669323000055],[120.94010695400004,14.902466994000065],[120.94030673700001,14.902448947000039],[120.94052447700005,14.902487940000071],[120.94102651100002,14.902459699000076],[120.94123707400001,14.902643085000022],[120.94145207500003,14.902739655000062],[120.94166713800007,14.902594661000023],[120.94168957600004,14.90243526100005],[120.9419433160001,14.902442009000026],[120.9422204230001,14.902273300000047],[120.94241256200007,14.902205852000066],[120.94262910900011,14.90233388300004],[120.94289584800003,14.902358152000033],[120.94302817800008,14.902338748000034],[120.94315315300003,14.902280717000053],[120.94320377500003,14.902215291000061],[120.94313635900005,14.902065873000026],[120.94345627000007,14.902127823000058],[120.94354871200005,14.902036062000036],[120.9437911650001,14.902026341000067],[120.94391332200007,14.902053858000045],[120.94406884200009,14.901933665000058],[120.94421908900006,14.901830010000026],[120.944391386,14.901840961000062],[120.94451539300007,14.901944580000077],[120.94460303400001,14.901950042000067],[120.94465111900001,14.902010182000026],[120.94469068700005,14.901982830000065],[120.94474168700003,14.902105911000035],[120.94487531400011,14.90211107500005],[120.9449848270001,14.90204022200004],[120.94513237400008,14.901960941000027],[120.94534682900007,14.901914580000039],[120.9454144980001,14.901879149000024],[120.94544034800003,14.902070219000052],[120.9454720010001,14.902226531000053],[120.94556563600008,14.902360845000032],[120.94569347200002,14.90248990200007],[120.94581260100006,14.902596798000047],[120.94589433800002,14.902547018000064],[120.94592515800002,14.902467342000023],[120.9459250000001,14.902404286000035],[120.94599770100001,14.902316412000062],[120.94608809300007,14.90230796800006],[120.94612771200002,14.902417318000062],[120.94616735700004,14.902534925000054],[120.94628333100002,14.902595064000025],[120.946362485,14.902622337000025],[120.94648369900005,14.902668694000056],[120.9466938270001,14.902623649000077],[120.94688120900003,14.902421642000036],[120.94699747800007,14.902379448000033],[120.9471232200001,14.902339656000038],[120.94719819600004,14.902482268000028],[120.94731673900003,14.90256879900005],[120.94740516700006,14.902789623000047],[120.94744617300012,14.902911690000053],[120.9475771110001,14.90294671600003],[120.94777332000001,14.902922863000072],[120.94784339900002,14.902824345000056],[120.94776823900008,14.90266512900007],[120.94777050100004,14.902504012000065],[120.9479176110001,14.902422416000036],[120.94811409700003,14.902382723000073],[120.94823241600011,14.902377999000066],[120.94832641200003,14.902436272000045],[120.94837957900006,14.90240824700004],[120.94859708100012,14.902480613000023],[120.9486430820001,14.902560133000065],[120.9486551870001,14.902562473000046],[120.94870116700008,14.902548429000035],[120.94873762700001,14.902670228000034],[120.94875223100007,14.902747589000057],[120.94883465900011,14.902843639000025],[120.94894603300008,14.902866927000048],[120.94918071000006,14.902951762000043],[120.94925821900006,14.903042922000054],[120.94935503400006,14.903084879000062],[120.94942517900006,14.90315724100003],[120.94952186100011,14.903199124000025],[120.94960639500005,14.903231657000049],[120.94975669700011,14.903221991000066],[120.9498267780001,14.903179830000056],[120.95001880900008,14.903121418000069],[120.95005502900005,14.903074744000037],[120.95005985500006,14.90299073400007],[120.9501323290001,14.90290434800005],[120.95020478200001,14.902827315000025],[120.950294084,14.902810977000058],[120.95043648,14.902817971000047],[120.9504630560001,14.902855308000028],[120.95073686800004,14.902806290000058],[120.9509033920001,14.90281094900007],[120.95106744800012,14.90275495700007],[120.95114462200002,14.902726972000039],[120.95130372900007,14.902733953000052],[120.95145277400002,14.902689679000048],[120.9514886930001,14.902640795000025],[120.9516256280001,14.902584976000071],[120.95170266900004,14.90255006700005],[120.95181421900008,14.902497419000042],[120.95190397600004,14.902455126000064],[120.95213621800008,14.902442405000045],[120.95229906700001,14.90256192000004],[120.95236413300006,14.902662620000058],[120.95237064500009,14.902672066000036],[120.95236660500007,14.902786701000025],[120.95236362500009,14.902936938000039],[120.95235405400001,14.903136901000039],[120.95238034200008,14.90326323100004],[120.95246525700009,14.903266381000037],[120.95249138300005,14.903266378000069],[120.95251097800008,14.903266377000023],[120.95261874700009,14.903263210000034],[120.95276497800012,14.903294765000055],[120.95284669500006,14.903364186000033],[120.95283055100003,14.903516449000051],[120.95285686200009,14.903702506000059],[120.95293844700007,14.90375922000004],[120.95305912900005,14.903819060000046],[120.95318301600003,14.90378755100005],[120.95344391800006,14.903749721000054],[120.95366495400003,14.903898318000074],[120.95360995400006,14.904149463000067],[120.95361083000012,14.904451871000049],[120.95380974300008,14.904649774000063],[120.9538683180001,14.904715582000051],[120.95398499400005,14.904640349000033],[120.95403683600011,14.904517895000026],[120.95403681700009,14.904492743000048],[120.9540465120001,14.904414071000076],[120.95427946000007,14.904384193000055],[120.95429367700001,14.90438264100004],[120.95439120200001,14.904329104000055],[120.95446926700004,14.904228540000076],[120.95448553000006,14.90421911900006],[120.95464486500009,14.904146927000056],[120.95475213400005,14.904162706000022],[120.95495358000005,14.904231934000052],[120.95513210600006,14.904340124000043],[120.95530111200003,14.904421667000065],[120.95554429800006,14.904386722000027],[120.95594944100003,14.904288398000062],[120.95636841800001,14.903653961000032],[120.95658917800006,14.903559783000048],[120.95679373200005,14.903581745000054],[120.95681651600012,14.903751003000025],[120.95698520600001,14.90373876800004],[120.957140578,14.903657687000077],[120.95734218000007,14.903798838000057],[120.95750419,14.903946073000043],[120.95758575100001,14.904676581000047],[120.95794879900006,14.904712295000024],[120.95797144900007,14.904709211000068],[120.95831429200007,14.904784452000058],[120.9586638720001,14.905032256000027],[120.95905160400002,14.905322828000067],[120.95865450300005,14.905644333000055],[120.95889406100002,14.905856848000042],[120.95891995900001,14.905863099000044],[120.9590463610001,14.905975702000035],[120.9589108350001,14.906212770000025],[120.95888022300005,14.906358932000046],[120.9589684770001,14.906599020000044],[120.95889486900012,14.906752050000023],[120.95864531900008,14.90679405000003],[120.9584448490001,14.906621243000075],[120.95824228600009,14.906639772000062],[120.95807280600002,14.906775813000024],[120.9580733790001,14.906979394000075],[120.95819208500006,14.90712561600003],[120.95814388400004,14.907422651000047],[120.95798014500008,14.907814450000046],[120.9582263420001,14.907974404000072],[120.95824395400007,14.90798462400005],[120.9582065830001,14.908592080000062],[120.9583859390001,14.908917046000056],[120.9587325120001,14.909061243000053],[120.95887799500008,14.909154],[120.95911595400003,14.909113060000038],[120.95915506500012,14.909044326000071],[120.95920485400006,14.909040884000035],[120.95946309200008,14.90910989300005],[120.95958062000011,14.90930574500004],[120.9594311730001,14.909635638000054],[120.95942783400005,14.909852049000051],[120.959516871,14.909937809000041],[120.95964487900005,14.909948027000041],[120.95966622200001,14.90995143200007],[120.95973379300005,14.909968496000033],[120.9598770130001,14.910174945000051],[120.95990929900006,14.910305304000076],[120.95983930000011,14.910402246000046],[120.959725004,14.91050793100004],[120.95968676900009,14.910524520000024],[120.95997152600012,14.910629607000033],[120.9601641800001,14.910751395000034],[120.96019981900008,14.91078322800007],[120.96036687600008,14.910838365000075],[120.96041579500002,14.91084230000007],[120.96061975100008,14.910861991000047],[120.96070547900001,14.910913269000048],[120.96072589700009,14.910936942000035],[120.960738149,14.910952725000072],[120.96079941500011,14.910992192000037],[120.96111389100008,14.910948758000075],[120.96147602700012,14.910932845000048],[120.96170016500002,14.910987900000066],[120.96183361400006,14.911044144000073],[120.961854291,14.911139054000046],[120.96185560900005,14.911212826000053],[120.96185949700009,14.911427906000029],[120.9618918650001,14.911567284000057],[120.96198551100008,14.911658355000043],[120.96210571100005,14.911684248000029],[120.96221477400002,14.911692611000035],[120.96233067600008,14.91162761000004],[120.96243128600008,14.91154537400007],[120.96250553000004,14.911573009000051],[120.9625944710001,14.911661296000034],[120.96274698600007,14.91174458200004],[120.96286922000002,14.91175706200005],[120.96296742000004,14.914453782000066],[120.96297459400012,14.91449196800005],[120.96301264400006,14.914712205000058],[120.96315477600001,14.914899561000027],[120.96327106600006,14.915067536000038],[120.96327752700006,14.91526781400006],[120.96317415800002,14.915409946000068],[120.963161237,14.915526236000062],[120.96329044800007,14.91572005300003],[120.96330983000007,14.915881567000042],[120.96321938200003,14.916049542000053],[120.96286405100011,14.91623043800007],[120.96272837900005,14.916269201000034],[120.96250225900008,14.916411334000031],[120.96237950800003,14.916798968000023],[120.96208878300001,14.91681188900003],[120.96187558400004,14.916915258000074],[120.96161716100005,14.917083232000039],[120.96139104200006,14.917038009000066],[120.96135873900005,14.91689587600007],[120.96137812000006,14.915765277000048],[120.96126183000001,14.915552078000076],[120.96105509200004,14.915377643000056],[120.96076436700002,14.915280735000067],[120.96022167900003,14.915300116000026],[120.95993095400001,14.915442249000023],[120.95980174200008,14.915603763000036],[120.95981466400008,14.915810501000067],[120.95987926900011,14.91596555500007],[120.95994387500002,14.916185214000052],[120.96000202000005,14.91628858300004],[120.96015707400011,14.916527624000025],[120.96052532600004,14.916766665000068],[120.960712682,14.916934639000033],[120.960719143,14.917193062000024],[120.960447799,14.917561314000068],[120.9601376920001,14.917612999000028],[120.96002140200005,14.917567775000066],[120.95993095400001,14.917406261000053],[120.95984050600009,14.917277049000063],[120.95955104200004,14.917253403000075],[120.9593641130001,14.917252906000044],[120.95941313800006,14.920142003000024],[120.95866118100002,14.92005229800003],[120.95804215700002,14.920045189000064],[120.95755354000005,14.919990914000039],[120.95676363700011,14.91989768600007],[120.9562359250001,14.92087318700004],[120.95602636300009,14.92138194100005],[120.95585735500003,14.921866580000028],[120.95563269800004,14.922382337000045],[120.95553327400012,14.92251860400006],[120.95526291700003,14.92283535200005],[120.95520153000007,14.92295813800007],[120.95519029800005,14.92309423000006],[120.95525317700003,14.923905565000041],[120.9552541590001,14.923919341000044],[120.95525296200003,14.924260921000041],[120.95524561600007,14.924659997000049],[120.95529357900011,14.925195699000028],[120.95537632900005,14.925618077000024],[120.95550146800008,14.926215484000068],[120.95558272900007,14.926697027000046],[120.95572530200002,14.92754936700004],[120.95587103300011,14.92819348300003],[120.95595264600001,14.92850433600006],[120.95601450800007,14.929208312000071],[120.95600496800012,14.929246299000056],[120.95626816200001,14.929277709000075],[120.95645631100001,14.929711394000037],[120.95657810700004,14.930445418000033],[120.95653435700001,14.931230348000042],[120.95629886600011,14.931845141000053],[120.95614178500011,14.932097648000024],[120.95631607400003,14.932346074000066],[120.95642615000008,14.93258815400003],[120.95628830100009,14.932781399000078],[120.9559582280001,14.933109552000076],[120.956026027,14.93317632000003],[120.95621094800003,14.93335563900007],[120.95651072600003,14.933670372000051],[120.9574744140001,14.935450045000039],[120.95754812000007,14.93564673800006],[120.95770558400011,14.93640208200003],[120.95775656900003,14.93698459500007],[120.95775880700012,14.937050327000065],[120.95776591900005,14.937267258000077],[120.95791472000008,14.937551996000025],[120.95805399900007,14.93780309300007],[120.95814887100005,14.938118234000058],[120.95820036700002,14.939403613000025],[120.9582344050001,14.939501148000033],[120.958505005,14.940154997000036],[120.95854202700002,14.940275235000058],[120.95858825500011,14.941798017000053],[120.95883615900004,14.942134857000042],[120.95896679100008,14.942374519000055],[120.9590069520001,14.942559105000043],[120.9589901280001,14.942772818000037],[120.95899028800011,14.942921912000031],[120.95892245100003,14.943518749000077],[120.95916168700012,14.94367451100004],[120.95930324900007,14.943883852000056],[120.95930279900006,14.944202352000048],[120.9588335850001,14.944443922000062],[120.95851535600002,14.944580769000027],[120.95842639000011,14.944752593000032],[120.95846008400008,14.945276028000023],[120.95852812200008,14.945628429000067],[120.95878781300007,14.946130469000025],[120.95898270400005,14.946415181000077],[120.95916744300007,14.946518954000055],[120.95935985300002,14.946544609000057],[120.95946247200004,14.946518954000055],[120.95987385800004,14.946664299000076],[120.95994380700006,14.946872014000064],[120.95987577100004,14.947094562000075],[120.95944964500006,14.947288597000068],[120.9592704370001,14.947877481000035],[120.95889806800005,14.94813520300005],[120.95896220500003,14.948481542000025],[120.95907433600007,14.948792945000037],[120.95939887400004,14.949525091000055]]]}},{"type":"Feature","properties":{"shapeName":"City of Malolos","shapeISO":"","shapeID":"30758251B20138524188329","shapeGroup":"PHL","shapeType":"ADM3"},"geometry":{"type":"Polygon","coordinates":[[[120.86617458700005,14.820866962000025],[120.86573241500002,14.821095489000072],[120.8654066260001,14.821432170000037],[120.8650657180001,14.821644220000053],[120.86481942600005,14.821895118000043],[120.86449102000006,14.822233588000074],[120.86412608500007,14.822389658000077],[120.86370273300008,14.822411185000021],[120.86318155300012,14.822404173000052],[120.86291170200002,14.822575544000074],[120.86295255900006,14.822833698000068],[120.86341186900006,14.822886422000067],[120.86477661000004,14.82352217500005],[120.86470263600006,14.82376398100007],[120.86462009400009,14.823956448000047],[120.86451826400003,14.824051705000045],[120.86446833700006,14.824186992000023],[120.86450329700006,14.824264173000074],[120.86460890800004,14.824497327000074],[120.86472409300006,14.824930110000025],[120.86479295200002,14.82532569700004],[120.86498087700011,14.825947005000046],[120.86504085000001,14.826282895000077],[120.86505764100002,14.826538523000067],[120.86513008100007,14.826758786000028],[120.86514112400005,14.826936605000071],[120.86496763200012,14.827270483000063],[120.86470372800011,14.827626714000075],[120.86443478900003,14.828017143000068],[120.86421449200009,14.828336506000028],[120.86400325200009,14.828701728000055],[120.86375684500001,14.828939821000063],[120.86322802400002,14.829271843000072],[120.86306053800001,14.829287735000037],[120.86295154400011,14.829298076000043],[120.86253531000011,14.829230103000043],[120.86238444300011,14.829128917000048],[120.86220561100004,14.829053049000038],[120.86202136000009,14.828966342000058],[120.86184794600001,14.828863378000051],[120.86173956300001,14.828727899000057],[120.86173414400002,14.828516552000053],[120.86175040100011,14.82829978600006],[120.861793755,14.828110115000072],[120.8619129760001,14.827898768000068],[120.86197258700008,14.827736193000021],[120.86198884500004,14.827551941000024],[120.86188046100006,14.82717801900003],[120.86175582100009,14.826955833000056],[120.86162034200004,14.826804097000036],[120.86144692800008,14.826636103000055],[120.86119764700004,14.826408498000035],[120.86097546100007,14.826332630000024],[120.86076411400006,14.826262181000061],[120.86050399400006,14.826267600000051],[120.86041186800003,14.826300115000038],[120.8602167790001,14.826365145000068],[120.86005420400011,14.826457270000049],[120.85989704800011,14.826554815000065],[120.85974531200009,14.826646941000035],[120.85960983200005,14.826749905000042],[120.85955600200009,14.82684718300004],[120.859517707,14.826917899000023],[120.85955564100004,14.827075055000023],[120.85965318600006,14.827221372000054],[120.85973447300012,14.827302660000043],[120.85983201800002,14.827421881000078],[120.86002710800005,14.827519426000038],[120.86018426400005,14.827606133000074],[120.86036309600001,14.827709097000024],[120.86052025200001,14.827801223000051],[120.86066115000006,14.827942121000035],[120.86071534200005,14.828023408000035],[120.86076953300005,14.828169726000056],[120.86087249700006,14.82830520500005],[120.86097004200008,14.828451522000023],[120.86107842500007,14.82861409700007],[120.86116513200011,14.82879292900003],[120.86118138900008,14.828993438000055],[120.8612789340001,14.829183109000041],[120.86134396400007,14.829264396000042],[120.86146318600004,14.829389037000055],[120.86154989200008,14.829448648000039],[120.86168537200001,14.829573289000052],[120.86185772200008,14.829742251000027],[120.86221276200001,14.830191134000074],[120.8625809770001,14.830857388000027],[120.86266160100001,14.831033387000048],[120.862609098,14.83123173000007],[120.86249357500003,14.831395343000054],[120.86238995700012,14.831599942000025],[120.86222717400005,14.832069472000057],[120.86212261900005,14.832211604000065],[120.86196330500002,14.832260536000035],[120.8618461640001,14.832243769000058],[120.86169529100005,14.832216079000034],[120.861497084,14.832117795000045],[120.86138146100006,14.831992722000052],[120.86129140900005,14.831851474000075],[120.86119675600003,14.831627230000038],[120.86110048600005,14.831305348000058],[120.8610628880001,14.831098743000041],[120.86108019900007,14.830883731000029],[120.86112433200003,14.830731164000042],[120.86107914900003,14.830543732000024],[120.86090050200005,14.830403527000044],[120.8607849760001,14.830267297000034],[120.86065511000004,14.830084768000063],[120.86049327100011,14.830011303000049],[120.86017896400006,14.83005193300005],[120.86003637100009,14.830160930000034],[120.85993992700003,14.83030143600007],[120.85991830900002,14.83049436500005],[120.8599597010001,14.830895167000051],[120.85993287200006,14.831141105000029],[120.85976769400008,14.831614013000035],[120.8596634810001,14.831798245000073],[120.85951342500005,14.832062982000025],[120.85936404300003,14.83233099000006],[120.8592657800001,14.832602335000047],[120.85918809300006,14.832702328000039],[120.85904558100003,14.832856794000065],[120.85889713600011,14.832987079000077],[120.85880471000007,14.833125725000059],[120.8587653300001,14.83320969700003],[120.85874892400011,14.833334223000065],[120.85875227100007,14.833496915000069],[120.85877476200005,14.833673044000022],[120.85880990500004,14.833951471000034],[120.85886960100004,14.834062665000033],[120.85893785100006,14.834163320000073],[120.85908269400011,14.834297037000056],[120.85916496100003,14.83434625500007],[120.85925544100007,14.834381606000022],[120.85934574400005,14.834463472000039],[120.85961256000007,14.834887968000032],[120.85967785700007,14.834940131000053],[120.85975173800011,14.834948379000025],[120.85998434200008,14.834931877000031],[120.8603374160001,14.834931822000044],[120.86066420700001,14.83500248100006],[120.8608108090001,14.835027106000041],[120.86098237400006,14.835029895000048],[120.8612708930001,14.834981076000076],[120.86169248800002,14.835051581000073],[120.86181048000003,14.835121958000059],[120.8619732520001,14.835189700000058],[120.86219646500001,14.835368234000043],[120.86237150700003,14.835471550000022],[120.86254476400006,14.83559445700007],[120.86258370200005,14.83561153200003],[120.86267945800012,14.835655814000063],[120.86273140700007,14.835732131000043],[120.86286385400001,14.836258735000058],[120.86287243700008,14.836264180000057],[120.86289892600007,14.836354192000044],[120.86280250900006,14.836384271000043],[120.86272040900008,14.836422525000046],[120.86260156700007,14.836482626000077],[120.86249658700001,14.83649629200005],[120.86237205500004,14.836545440000066],[120.8621313320001,14.836561797000059],[120.86186285300005,14.836526311000057],[120.86171313700004,14.83650448700007],[120.86157481000009,14.83649357400003],[120.861422403,14.836482663000027],[120.86130666500003,14.836493578000045],[120.86119667600008,14.836507194000035],[120.86107249100007,14.836531726000032],[120.8609396270001,14.836560438000049],[120.86078359600003,14.836627557000043],[120.86063732000002,14.83665237300005],[120.86045273200011,14.836727071000041],[120.86019440100006,14.836894431000076],[120.86003534200006,14.837000927000076],[120.85975893800003,14.837135639000053],[120.85961867600008,14.83725012800005],[120.85950397300007,14.837396673000057],[120.85943245300007,14.837541334000036],[120.85935296900004,14.837724201000071],[120.85918763300003,14.838053913000067],[120.85909352800002,14.838160038000069],[120.85906841500002,14.838284650000048],[120.85909194100009,14.838372353000068],[120.85913070200002,14.838457334000054],[120.85921394700006,14.838647754000021],[120.859236742,14.838699862000055],[120.859135938,14.838850233000073],[120.85911008700009,14.838937604000023],[120.8592495480001,14.839102341000057],[120.85934116700003,14.839199668000049],[120.85945964400003,14.839296656000045],[120.85948027200004,14.839333995000061],[120.85960409900008,14.83937886700005],[120.85971794000011,14.839508642000055],[120.85991320000005,14.83965121500006],[120.86014414800002,14.839915921000056],[120.86032994900006,14.84009835300003],[120.8605962800001,14.840310948000024],[120.86069014300006,14.840452756000047],[120.86077946700004,14.840558057000067],[120.86083685000006,14.840634382000076],[120.860938787,14.840776600000027],[120.86105547300008,14.840910466000025],[120.86103822200005,14.840994825000053],[120.86094653700002,14.841064740000036],[120.86081178900008,14.841087906000041],[120.86063142100011,14.841095831000075],[120.86043467500008,14.841099791000033],[120.86028423500011,14.841176249000057],[120.86016271000005,14.84128193500004],[120.86005584500003,14.841417615000069],[120.85999132000006,14.841538795000076],[120.8598355370001,14.841706914000042],[120.85966523900004,14.841883254000038],[120.85946943200008,14.842151241000067],[120.85946058600007,14.84228342800003],[120.859497744,14.842498037000041],[120.8595039280001,14.842627637000078],[120.85932777300002,14.842810977000056],[120.85912387200005,14.842955276000055],[120.85892253600002,14.843052552000074],[120.85871804900012,14.843152721000024],[120.85851079400004,14.84325571000005],[120.85833416900005,14.843223324000064],[120.85812626800009,14.843354718000057],[120.85785055300005,14.84353705500007],[120.85751702400012,14.843666313000028],[120.85740102800003,14.843712416000074],[120.85719051800004,14.843631573000039],[120.8567885650001,14.84328501300007],[120.85666927700004,14.843161573000032],[120.8564028290001,14.843095299000026],[120.85612957,14.843046095000034],[120.85577837300002,14.842971256000055],[120.85540523700001,14.842896392000057],[120.8550645250001,14.842752010000027],[120.85473027100011,14.842684974000065],[120.85445103900008,14.842729809000048],[120.85430115100007,14.84277645700007],[120.85395566800003,14.84287452500007],[120.85385076400007,14.842968205000034],[120.85377370800006,14.843093809000038],[120.85372980300008,14.843187197000077],[120.85368024900004,14.843280520000064],[120.85363912700006,14.843428992000042],[120.85364332100005,14.843541358000039],[120.85376388800012,14.84364196000007],[120.85384406700007,14.843641964000028],[120.85404052100012,14.843665199000043],[120.85417280500008,14.843649723000055],[120.85436523200008,14.843649733000063],[120.85451761400009,14.843669213000055],[120.85475837100012,14.843754710000042],[120.854914903,14.84384787700003],[120.8550836390001,14.843894633000048],[120.85555248900005,14.84410488800006],[120.85580111400009,14.844247241000062],[120.85587327000007,14.84429208000006],[120.85597291300007,14.844350203000033],[120.85607654000012,14.84441643200006],[120.85612979400003,14.844462928000041],[120.85617789800006,14.844509427000048],[120.85622084800002,14.844550943000058],[120.85633895700005,14.844692398000063],[120.85638190600002,14.844747200000029],[120.85641111200005,14.84480532300006],[120.85643516400012,14.844873410000048],[120.85646093300011,14.844933194000077],[120.85649185700004,14.844981353000037],[120.85652278100008,14.84501788700004],[120.85679168100012,14.845294076000073],[120.85694135900007,14.845397171000059],[120.85707241600005,14.845487727000034],[120.85723390800001,14.845590684000058],[120.85739932600006,14.845711978000054],[120.8574663280001,14.845765119000077],[120.85756685500007,14.845848037000053],[120.85761624700001,14.84588731100007],[120.85771816700003,14.845959470000025],[120.85776198400004,14.846045380000078],[120.85776197900009,14.846138746000065],[120.85775414200009,14.846232112000052],[120.85775935800007,14.846333048000076],[120.85774629700006,14.846482304000062],[120.857741067,14.84664127800005],[120.85773547500003,14.846790098000042],[120.85773769200011,14.84693875000005],[120.85772167000005,14.847084718000076],[120.85773881400007,14.847204696000063],[120.85776339800009,14.847291317000042],[120.85779743000012,14.847405068000057],[120.85779232400012,14.847571919000075],[120.85779052800001,14.847717188000047],[120.85784591900006,14.847816049000073],[120.85784055200008,14.84793879700004],[120.8578476890001,14.848084021000034],[120.85781500200005,14.848309122000046],[120.85772760500004,14.848481183000047],[120.85787970700005,14.848718959000053],[120.8581707410001,14.849112977000061],[120.85871452100002,14.849543131000075],[120.85897761100011,14.849676663000025],[120.85904461400003,14.849751390000051],[120.85910016500009,14.849843620000058],[120.85912593600005,14.849915028000055],[120.85913280800003,14.849958205000064],[120.85916796900005,14.850108189000025],[120.85924356500004,14.850362269000073],[120.8593800210001,14.850584109000067],[120.85943787100007,14.850654591000023],[120.85949571600008,14.850739468000029],[120.85956496200004,14.85086220900007],[120.8596219530001,14.850996171000077],[120.85966883900005,14.851104598000063],[120.85969890000001,14.851182395000023],[120.859736472,14.851263885000037],[120.8597628760001,14.851383518000034],[120.86073682200004,14.853226593000045],[120.8607268830001,14.853254599000024],[120.86070092600005,14.853327741000044],[120.86062148600001,14.853384489000064],[120.86051456700011,14.85346830800006],[120.86040283300008,14.853557126000055],[120.86030631500012,14.853621366000027],[120.8602148120001,14.85370051800004],[120.8601051710001,14.853779717000066],[120.85989800900006,14.853895863000048],[120.85982495100006,14.853949682000064],[120.85972809600003,14.854021031000059],[120.85957163900002,14.854270795000048],[120.85943546200008,14.854564538000034],[120.85935851200009,14.854771305000043],[120.85929727500002,14.85480076500005],[120.85922468500007,14.85515844500003],[120.85922466300008,14.855549233000033],[120.85926123700006,14.855992363000041],[120.85934214500003,14.85630386300005],[120.85938585500003,14.856500832000052],[120.85931403000006,14.85671392200004],[120.85917463500004,14.856864501000075],[120.85895139100012,14.857096812000066],[120.85884138600011,14.85724809900006],[120.85879845900001,14.857367694000061],[120.85875165400012,14.857579353000062],[120.85869805200002,14.857717553000043],[120.85862372300005,14.857855835000066],[120.858549089,14.857951311000022],[120.85842679400002,14.858050132000074],[120.85826024000005,14.858122819000073],[120.85812421800006,14.858166142000073],[120.85800164200009,14.858176379000042],[120.8578755750001,14.858150214000034],[120.8578108690001,14.858080874000052],[120.85775306700009,14.857965279000041],[120.85767150900006,14.857833338000034],[120.85760365100009,14.85770481700007],[120.85754262400008,14.857560038000031],[120.8575054150001,14.85738911900006],[120.8574678330001,14.857200285000033],[120.85736948200008,14.856948266000074],[120.85731521700006,14.856807210000056],[120.85717952400012,14.856525433000058],[120.85711170200011,14.85636801100003],[120.85705062200009,14.856197477000023],[120.85696546600002,14.856019854000067],[120.85686307100002,14.855829622000044],[120.8567129270001,14.855704803000037],[120.85660017200007,14.855615992000025],[120.85638930000005,14.855550836000077],[120.85611744300002,14.855504568000072],[120.85590698200008,14.855530717000022],[120.85566967300008,14.855546959000037],[120.85540223900011,14.855559871000025],[120.85519956300004,14.855526894000036],[120.85497037400012,14.855448073000048],[120.85473002000003,14.855512329000021],[120.85458857100002,14.856280196000057],[120.85460062300001,14.85690306600003],[120.85454615000003,14.857257386000072],[120.85457222500008,14.857587532000025],[120.85453690800011,14.857746528000064],[120.8544693120001,14.85789931200003],[120.85454027600008,14.858137100000022],[120.85470983000005,14.858348325000065],[120.8549176470001,14.858617391000053],[120.85511840900006,14.858818278000058],[120.85544264500004,14.859036252000067],[120.85573198000009,14.859165829000062],[120.85580907400004,14.859417717000042],[120.8557201640001,14.859634560000075],[120.85578442200006,14.859764365000046],[120.85597093500007,14.85990048900004],[120.85607650500003,14.860121906000074],[120.85611306700002,14.860277949000022],[120.85603179600002,14.86046161400003],[120.85587792400008,14.860610019000035],[120.85578524900006,14.860781649000046],[120.85566250900001,14.860939508000058],[120.85550512300006,14.860976556000026],[120.85529145100008,14.86101104200003],[120.85509528900002,14.86107731900006],[120.85490082800004,14.861158605000071],[120.8548037060001,14.86123483800003],[120.85462244100006,14.861350295000022],[120.85438549800006,14.861426304000076],[120.85421284900008,14.861480278000045],[120.85411164700008,14.861637576000078],[120.85398100600003,14.861726365000038],[120.85390153300011,14.861837124000033],[120.85367629000007,14.862118056000043],[120.85365341700003,14.862297794000028],[120.85366606200012,14.862464117000059],[120.853648399,14.862616703000072],[120.85366885200006,14.86272512000005],[120.8536969480001,14.862831121000056],[120.85372001000007,14.862975102000064],[120.85370740600001,14.863086125000052],[120.85372000100006,14.863261158000057],[120.85375552800008,14.863384131000032],[120.8537655770001,14.863485248000075],[120.85384945200008,14.863618311000039],[120.85386115500012,14.863643323000076],[120.85444592600004,14.865095273000065],[120.85448998100003,14.865193549000026],[120.85452280900006,14.86526678000007],[120.85205743400002,14.867265081000028],[120.8488433550001,14.869910668000045],[120.84843707900006,14.869199821000052],[120.84777392700005,14.869124739000029],[120.84603169900004,14.869588278000037],[120.84471291900002,14.870937935000029],[120.8430475890001,14.872686265000027],[120.8417835030001,14.874012140000048],[120.84099737200006,14.87479018700003],[120.84028228900002,14.87545712900004],[120.83988523100004,14.875846826000043],[120.83941434300004,14.876342496000063],[120.83798988900003,14.87781072000007],[120.83744972300008,14.878367025000045],[120.83662834600011,14.879198029000065],[120.83620321300009,14.879628146000073],[120.8353523720001,14.880492939000021],[120.8352690480001,14.880577630000062],[120.8347594060001,14.881049189000066],[120.83473110300008,14.881076073000031],[120.83448152500011,14.881347307000055],[120.83429205200002,14.881553463000046],[120.83427015500001,14.881577622000066],[120.83154585700004,14.883899841000073],[120.82933547800008,14.883985720000055],[120.8277338040001,14.884311712000056],[120.8245564660001,14.882941171000027],[120.823722728,14.882322184000031],[120.8234329390001,14.882755361000022],[120.8231312040001,14.883264395000026],[120.82251072300005,14.882865809000066],[120.82228551900005,14.88285152900005],[120.82196984300003,14.882825223000054],[120.821654168,14.882890989000032],[120.82141741200007,14.883009367000056],[120.82124642100007,14.883088286000032],[120.82098335900002,14.883193511000059],[120.8207202960001,14.883206664000056],[120.82050984600005,14.883193511000059],[120.82019417100003,14.883167205000063],[120.81982588300002,14.883127745000024],[120.81940498300003,14.88310143900003],[120.81898408200004,14.883009367000056],[120.81832642600011,14.883022520000054],[120.81786599400004,14.882955461000051],[120.81778323800006,14.883294099000068],[120.81765371900008,14.883281751000027],[120.81725112100003,14.883175909000045],[120.81687216700004,14.883266064000054],[120.815989521,14.883363114000076],[120.81571430400004,14.883261907000076],[120.81442357100002,14.883448003000069],[120.81322112500004,14.883067635000032],[120.81312761900006,14.883196215000055],[120.81283344300005,14.88313979000003],[120.81247449600005,14.88411912600003],[120.81211337600007,14.884131194000076],[120.81189624800004,14.885475905000021],[120.81151508300002,14.88652311800007],[120.8098592020001,14.888550656000064],[120.80894316100012,14.889484074000052],[120.80775013100003,14.88945189900005],[120.80666230400004,14.889608510000073],[120.80621080600008,14.890366478000033],[120.80578423100008,14.890549690000057],[120.80533553300006,14.890765136000027],[120.80502364800009,14.890779437000049],[120.8049779590001,14.891166791000046],[120.8045538450001,14.891190751000067],[120.80440517300008,14.89099221400005],[120.80374559400002,14.889817565000044],[120.80372357600004,14.889778352000064],[120.80322488900003,14.889734274000034],[120.80184129000008,14.889284154000052],[120.80154813500008,14.889186978000055],[120.8011096570001,14.88900443600005],[120.801091745,14.888996983000027],[120.80012594400011,14.888180630000022],[120.7994441190001,14.88751185500007],[120.79921213400007,14.887818176000053],[120.79880001400011,14.888049823000074],[120.79869935600004,14.888094055000067],[120.79865490700001,14.888102510000067],[120.79856984300011,14.888079141000048],[120.79854597400004,14.888133238000023],[120.79833371600012,14.88818836300004],[120.79784958400012,14.888109763000045],[120.79766074500003,14.88805988100006],[120.79736892200003,14.887948811000058],[120.79711875400005,14.887782362000053],[120.79677274200003,14.88748761000005],[120.79628284600005,14.88698421500004],[120.79612946700001,14.886708271000032],[120.79594090600006,14.886603533000027],[120.79578247500001,14.886612153000044],[120.79568371000005,14.886619066000037],[120.7955565740001,14.886751145000062],[120.79547411100009,14.886875254000074],[120.79506540900002,14.886766214000033],[120.79459957800009,14.886622574000057],[120.7942334280001,14.886571825000033],[120.79383407800003,14.886574163000034],[120.79358432900005,14.886655353000037],[120.79331026600005,14.886811034000061],[120.79305702700003,14.887064017000057],[120.79294086100003,14.887297588000024],[120.79291849100002,14.887361224000074],[120.7928137240001,14.887654896000072],[120.79263378900009,14.888075178000065],[120.79249247500002,14.888536169000076],[120.79247509200002,14.888595854000073],[120.792440026,14.888707112000077],[120.79158511500009,14.888259172000062],[120.7911295770001,14.888372446000062],[120.79106172900003,14.888628595000057],[120.79038404100004,14.889380792000054],[120.79000225700008,14.889194591000035],[120.78986282500011,14.888707245000035],[120.78968342200005,14.888220239000077],[120.7899013010001,14.887663521000036],[120.79019231600012,14.88738223200005],[120.79022934200009,14.887258796000026],[120.7903095150001,14.886996599000042],[120.7903435180001,14.886702350000064],[120.79045126100004,14.88626034500004],[120.79025480700011,14.886103812000044],[120.79013557300004,14.885992489000046],[120.78991511400011,14.885785571000042],[120.78978434300006,14.885369895000053],[120.78982460200007,14.884878269000069],[120.789926809,14.884579684000073],[120.79003285300007,14.88428631000005],[120.790297914,14.88404838200006],[120.79066615500005,14.883861703000036],[120.79142551200005,14.883728335000058],[120.79191131100004,14.883780902000069],[120.79239027400001,14.88384885000005],[120.79273958200008,14.88382234900007],[120.79285909900011,14.883667726000056],[120.79295729900002,14.883026615000063],[120.79305570100007,14.882393597000032],[120.79252265900004,14.881606399000077],[120.79212534100009,14.881028216000061],[120.7917195440001,14.880787958000042],[120.79135269200003,14.880535605000034],[120.7913433330001,14.880528201000061],[120.79102531,14.880276566000077],[120.78798049300008,14.878781003000029],[120.78747675800003,14.878470359000062],[120.78720897300002,14.877942269000073],[120.78696057800005,14.877397861000077],[120.78707263700005,14.87732055500004],[120.78714918900005,14.877125884000066],[120.78715818,14.876869912000075],[120.78712851700004,14.87648177400007],[120.78695524200009,14.875768899000036],[120.78693752400011,14.875657898000043],[120.78695523400006,14.875480175000064],[120.78699659000006,14.875361724000072],[120.78708968700005,14.875223970000036],[120.78690408200009,14.875089667000054],[120.7868586190001,14.875056770000072],[120.78718873600008,14.87484710900003],[120.78750694200005,14.874658043000068],[120.78791948000003,14.874434313000052],[120.78794100400012,14.874422614000025],[120.78837050700008,14.874273599000048],[120.78883208700006,14.874213308000037],[120.7891719810001,14.874182922000045],[120.7893632900001,14.874137887000074],[120.78947455600007,14.874034916000028],[120.78944190100003,14.87390412700006],[120.78920186900007,14.873663915000066],[120.78897585600009,14.873490531000073],[120.78877636300001,14.873274356000024],[120.78855228000009,14.87314583500006],[120.78830807800011,14.87311144000006],[120.78806961100008,14.87306549300007],[120.78785994800012,14.873003479000033],[120.78730265700005,14.872804157000076],[120.78690836100009,14.872649337000041],[120.78674379100005,14.872608150000076],[120.78662560600003,14.872667955000054],[120.78649542100004,14.872703368000032],[120.78648224800008,14.872703368000032],[120.78633497700002,14.872717891000036],[120.78607228100009,14.87273949400003],[120.78587565300006,14.872680105000029],[120.78576113500003,14.872652249000055],[120.78575396100007,14.87263312500005],[120.78572043300005,14.872540295000022],[120.785713611,14.872476349000067],[120.78574750000007,14.872386300000073],[120.7856938000001,14.872106400000064],[120.78561903200011,14.871790352000062],[120.78550434200008,14.871639814000048],[120.785381701,14.871613137000054],[120.78507422700011,14.871594349000077],[120.78474859300002,14.871476456000039],[120.7844742960001,14.87124734200006],[120.78427216900002,14.871004901000049],[120.78412924800011,14.870802383000068],[120.78400489400008,14.870541674000037],[120.78379603600001,14.870202445000075],[120.78359970400004,14.869914154000071],[120.78339136600005,14.869748955000034],[120.78317823400005,14.869620102000056],[120.78300553500003,14.869504024000037],[120.78284226800008,14.869467841000073],[120.78265735900004,14.869542564000028],[120.78238304600006,14.869647943000075],[120.7819491360001,14.869858041000043],[120.78169539500004,14.869821955000077],[120.78142688700007,14.86964480100005],[120.78136637500006,14.869282696000027],[120.78137597800003,14.868683989000033],[120.78154180000001,14.868383700000038],[120.78162760000009,14.868186700000024],[120.7818744000001,14.867854800000032],[120.78199240000004,14.867616300000066],[120.78205670000011,14.867346700000041],[120.782325,14.866683100000046],[120.78252880000002,14.866496400000074],[120.78272190000007,14.866423800000064],[120.78291500000012,14.866454900000065],[120.78315110000005,14.866589700000077],[120.78325840000002,14.866776400000049],[120.7833442000001,14.866911200000061],[120.78333350000003,14.867129],[120.78327980000006,14.867274100000031],[120.7832691000001,14.86746080000006],[120.7833657000001,14.867657800000075],[120.78350510000007,14.867761500000029],[120.783709,14.86789630000004],[120.78393430000006,14.867917100000057],[120.78419180000003,14.867886],[120.78447070000004,14.86782370000003],[120.7850029650001,14.86736892500005],[120.78648780000003,14.866849],[120.786992,14.86666230000003],[120.78759280000008,14.866475700000024],[120.7877645000001,14.866340900000068],[120.78795760000003,14.86615420000004],[120.78815070000007,14.86582240000007],[120.78856910000002,14.864785400000073],[120.78873010000007,14.864422500000046],[120.788891,14.864246200000025],[120.78904120000004,14.864225400000066],[120.78919140000005,14.864287700000034],[120.78927720000002,14.864432800000031],[120.789288,14.864650600000061],[120.78926650000005,14.864858],[120.78932020000002,14.865086100000042],[120.78936310000006,14.86527280000007],[120.78947040000003,14.865397200000075],[120.78962060000003,14.865480200000036],[120.78996390000009,14.865532],[120.79047890000004,14.865449100000035],[120.7909188000001,14.865386900000033],[120.79122990000008,14.865231300000062],[120.79143370000008,14.865179500000067],[120.79169120000006,14.86516910000006],[120.79210970000008,14.865055],[120.79225990000009,14.864941],[120.792571,14.864629900000068],[120.79282850000004,14.864339500000028],[120.79313960000002,14.863955800000042],[120.79362240000012,14.863395900000057],[120.79370593800002,14.863234345000023],[120.79374040000005,14.863167700000076],[120.79377260000001,14.862815100000034],[120.79363320000004,14.862462600000072],[120.7933971000001,14.862296600000036],[120.79315040000006,14.862203300000033],[120.7929358,14.862161800000024],[120.79267830000003,14.862161800000024],[120.79237790000002,14.86208920000007],[120.79220620000001,14.861964800000067],[120.79209890000004,14.861778100000038],[120.79199160000007,14.861249300000054],[120.79198090000011,14.860876],[120.79204530000004,14.860502600000075],[120.79200240000011,14.859849300000064],[120.79173420000006,14.859196],[120.79147670000009,14.858615300000054],[120.79140160000009,14.858210900000074],[120.79132650000008,14.857630100000051],[120.79111190000003,14.856852400000037],[120.7910690000001,14.856447900000035],[120.79107970000007,14.856261300000028],[120.79087105300005,14.85648227300004],[120.79029847800007,14.856377966000025],[120.79059991000008,14.85531981400004],[120.79079766100006,14.853999907000059],[120.79123547100005,14.852898727000024],[120.79079345900004,14.852731672000061],[120.79071480100004,14.851908405000074],[120.79057804400009,14.851761133000025],[120.79056336300005,14.85148520100006],[120.79150116400001,14.851551581000024],[120.79172367600006,14.851457076000031],[120.79188800500003,14.850409849000073],[120.79126784300001,14.850333773000045],[120.79038793500001,14.850113220000026],[120.79024190200005,14.849499822000041],[120.7903070210001,14.848781092000024],[120.79050532600002,14.848729969000033],[120.79049603400006,14.84859421300007],[120.79034344000002,14.84840020100006],[120.79041753100012,14.848278272000073],[120.79036209300011,14.847989573000064],[120.79050216600001,14.847976123000024],[120.79051787900005,14.847750381000026],[120.79090406800003,14.84655891400007],[120.79121863500006,14.845035711000037],[120.79117542600011,14.844675988000063],[120.79111298100008,14.844468466000023],[120.79203752500007,14.844484727000065],[120.79266974500001,14.844370990000073],[120.79281940100009,14.84431565500006],[120.79311800500011,14.844205246000058],[120.79348450000009,14.843935200000033],[120.7937849000001,14.843416700000034],[120.793822298,14.843159417000038],[120.7940715960001,14.843243907000044],[120.79426840400004,14.843279783000071],[120.79451964100008,14.843288082000072],[120.79475098900002,14.843268798000054],[120.79496231200005,14.843200096000032],[120.79512743600003,14.843178238000064],[120.79537736800012,14.84321420200007],[120.795650238,14.843222464000064],[120.79587188900007,14.84322518600004],[120.79597429600005,14.843183100000033],[120.79616531500005,14.843163774000061],[120.7963720140001,14.843127225000046],[120.79659452900012,14.84306908800005],[120.79676032400005,14.842988910000031],[120.79686062700011,14.842963137000027],[120.79695032200004,14.842965142000025],[120.79694840000002,14.842904100000055],[120.79701329300008,14.842659303000062],[120.79725950000011,14.842354400000033],[120.79747410000004,14.841970700000047],[120.79761360000009,14.841524700000036],[120.79771010000002,14.841203200000052],[120.797832803,14.84107651000005],[120.79798854600006,14.840968733000068],[120.79811804200006,14.840914465000026],[120.79831281500003,14.840916417000074],[120.79851971500011,14.841040921000058],[120.79866538100009,14.84119835000007],[120.79892021700005,14.841530614000021],[120.79923161700003,14.841780240000048],[120.799503705,14.84204255800006],[120.7998001850001,14.842286519000027],[120.80003007300002,14.842342347000056],[120.80023093900002,14.842269461000058],[120.80034000400008,14.842024740000056],[120.80040613500012,14.84186186900007],[120.80065451000007,14.841489452000076],[120.80096279100007,14.840976695000052],[120.80103311300002,14.840341529000057],[120.80101943600005,14.840306143000078],[120.80072563800002,14.839556472000027],[120.80069270000001,14.83947130000007],[120.80072220000011,14.839366900000073],[120.80075710000006,14.839243100000033],[120.800682,14.838911200000041],[120.80059620000009,14.838517100000047],[120.80043520000004,14.838112700000067],[120.80033870000011,14.837697800000058],[120.80042450000008,14.837376300000074],[120.80064980000009,14.837231100000054],[120.80101460000003,14.837220800000068],[120.80136860000005,14.837283],[120.80177630000003,14.837345200000073],[120.80219480000005,14.837293400000021],[120.80250590000003,14.83710670000005],[120.80268830000011,14.83669180000004],[120.80268830000011,14.836328800000047],[120.8024630000001,14.835851800000057],[120.80224840000005,14.835582100000067],[120.80181144000005,14.835283054000058],[120.8002585050001,14.83472609100005],[120.79988056000002,14.83450679300006],[120.79961980000007,14.834213100000056],[120.79960910000011,14.83382940000007],[120.79973790000008,14.833539],[120.80156180000006,14.832284100000038],[120.80235570000002,14.831620300000054],[120.80275270000004,14.831195100000059],[120.803214,14.830572800000027],[120.8034527000001,14.830050500000027],[120.80371529900003,14.829047188000061],[120.80372463200001,14.828585415000077],[120.8034528070001,14.827725727000029],[120.80321143800006,14.826909447000048],[120.80315301400003,14.826500235000026],[120.80303492900009,14.825256280000076],[120.80286481100006,14.824757738000073],[120.80264277000003,14.824112252000077],[120.80263220200004,14.823677929000041],[120.80382502400005,14.821737454000072],[120.8040527610001,14.821641792000037],[120.8042561310001,14.821251522000068],[120.80415161000008,14.820896446000063],[120.80375021100008,14.820249680000074],[120.80381247200012,14.819919092000077],[120.8044725950001,14.81987712800003],[120.80531958300003,14.82027228100003],[120.80583501400008,14.820340940000051],[120.80673650000006,14.820159403000048],[120.8071351860001,14.82027800700007],[120.80728220500009,14.820556543000066],[120.80736866400002,14.820878419000053],[120.80741378900007,14.821319774000074],[120.8077694110001,14.82177930100005],[120.80814611100004,14.822054878000074],[120.8085789380001,14.822124229000053],[120.80883204300005,14.821887077000042],[120.80901663400005,14.821544508000045],[120.80912554300005,14.821110493000049],[120.80878059800011,14.819774297000038],[120.80832240600012,14.81816118100005],[120.80755828800011,14.816530115000035],[120.80705161100002,14.815183713000067],[120.80721519700012,14.813594290000026],[120.80755951000003,14.811773901000038],[120.807324504,14.810523106000062],[120.80716930500012,14.809695658000066],[120.80671994900001,14.808341518000077],[120.80655508300003,14.807836553000072],[120.80615136900008,14.806010172000072],[120.80622744700008,14.804462797000042],[120.80671437900003,14.802620053000055],[120.80654413000002,14.800989172000072],[120.80607243000009,14.799606182000048],[120.80483259100004,14.797652711000069],[120.80371313500007,14.796555794000028],[120.80229346800002,14.795934505000048],[120.80083908000006,14.795981948000076],[120.80073527200011,14.795940424000037],[120.79951576400003,14.795452630000057],[120.79929976400001,14.793546758000048],[120.80033163300004,14.791771045000075],[120.80167126600008,14.790596601000061],[120.80174274800004,14.790570744000036],[120.80053133700005,14.787972431000071],[120.80141951600001,14.787100911000039],[120.8015392530001,14.786876522000057],[120.8013837210001,14.786630616000025],[120.80138233800005,14.785136450000039],[120.80208005700001,14.785262510000052],[120.80227572400008,14.78507244900004],[120.80236466400004,14.784677832000057],[120.80215715300005,14.784119822000036],[120.80213734300003,14.783941693000031],[120.80250913400005,14.783326315000068],[120.8027932650001,14.783007895000026],[120.8028771590001,14.782592012000066],[120.80266138600007,14.782037114000047],[120.80329973100004,14.781975937000027],[120.80399083900011,14.782141955000043],[120.80439135100005,14.782126163000044],[120.80433781700003,14.781452204000061],[120.80492343500009,14.780268788000058],[120.80514702300002,14.780121480000048],[120.80508908500008,14.779730168000071],[120.80493671900001,14.779371174000062],[120.80474636100007,14.779370355000026],[120.80428748100007,14.779270987000075],[120.80395778600007,14.779490590000023],[120.80378223200012,14.779546696000068],[120.80241215,14.778379200000074],[120.80057500100008,14.776786706000053],[120.80066844500004,14.776716597000075],[120.80084040800011,14.776449479000064],[120.80085758700011,14.776308218000054],[120.80073752800001,14.776042353000037],[120.8007414010001,14.775817403000076],[120.8008153510001,14.775593438000044],[120.80112533800002,14.775343359000033],[120.8012276180001,14.775114078000058],[120.8013023740001,14.77461997100005],[120.80139946600002,14.773716776000072],[120.8015329100001,14.772557429000074],[120.80171820600003,14.77228215100007],[120.80222174100004,14.771955699000046],[120.80268127300008,14.77186505900005],[120.80315018400006,14.771811511000067],[120.80361073600011,14.771616051000024],[120.80394182700002,14.771576647000074],[120.80423348200009,14.771579768000038],[120.80447884400007,14.771649001000071],[120.80496443200002,14.771981144000051],[120.80533509600002,14.772210748000077],[120.80579101,14.772169409000071],[120.80608784600008,14.772044484000048],[120.80618428200012,14.771652105000044],[120.80599514100004,14.771425136000062],[120.80599514100004,14.770403773000055],[120.80576817200006,14.769987663000052],[120.80573034400004,14.769760693000023],[120.805806,14.769495895000034],[120.80599514100004,14.76904195700007],[120.80599514100004,14.768739331000063],[120.80595731300002,14.768436705000056],[120.80508726300002,14.766204839000068],[120.80497377900008,14.765940041000022],[120.80497377900008,14.765523930000029],[120.80489812200005,14.76525913300003],[120.80482246600002,14.764956507000022],[120.80470898100009,14.764616052000065],[120.80463332500005,14.763935144000072],[120.80440635500008,14.76355686200003],[120.80266625600007,14.761741106000045],[120.80262842800005,14.761287167000035],[120.80285539700003,14.760946713000067],[120.80315802300004,14.760795400000063],[120.80342282100003,14.760757572000045],[120.80383893100009,14.760681915000077],[120.80410372900008,14.760454946000038],[120.80391458800011,14.76011449200007],[120.80368761900002,14.759774038000046],[120.80334716400012,14.759471412000039],[120.80289322500005,14.759093129000064],[120.80277974100011,14.75867701900006],[120.80300671000009,14.758260908000068],[120.80346064900004,14.757996110000022],[120.80370175500002,14.757803225000032],[120.80371851500001,14.757813897000062],[120.80373005000001,14.757804599000053],[120.80373966200011,14.757793441000047],[120.80375504200003,14.75778228200005],[120.80377619100011,14.75777484100007],[120.8038088730001,14.757745085000067],[120.803824254,14.757735786000069],[120.803851172,14.757733921000067],[120.80387040100004,14.757737637000048],[120.80388962900008,14.757737633000033],[120.80390692800006,14.757709740000053],[120.80390884600001,14.75768184900005],[120.80392999600008,14.75767812600003],[120.80393769600005,14.757724609000036],[120.8039549990001,14.75771345000004],[120.80397038100011,14.757711588000063],[120.80402037300007,14.757711579000045],[120.80402613800004,14.757692984000073],[120.80405690200007,14.757689260000063],[120.80406843600008,14.757674383000051],[120.80409153000005,14.757688870000038],[120.80411783300008,14.757697948000043],[120.80412535200003,14.757717931000059],[120.80412535500011,14.757736097000077],[120.80413663200011,14.757763346000047],[120.8041460280001,14.757777877000024],[120.80417797200005,14.75781057200004],[120.80419112400011,14.75781965300007],[120.80421743000011,14.757843265000076],[120.8042268260001,14.757854164000037],[120.80423622,14.757859612000061],[120.80424749400004,14.757870510000032],[120.8042625270001,14.757890491000069],[120.80427756200004,14.757919555000058],[120.80429259200002,14.757925003000025],[120.80429446800008,14.757908652000026],[120.80429258600009,14.757892302000073],[120.80429821900009,14.757877768000071],[120.80432827800007,14.757877762000078],[120.80434143000002,14.757886843000051],[120.80435458000011,14.757881391000069],[120.80432827400011,14.757857779000062],[120.80431512200005,14.75785051400004],[120.80429258100003,14.757865052000056],[120.80426628000009,14.75786505700006],[120.80426064100004,14.757852341000046],[120.8042625170001,14.757837807000044],[120.80426815100009,14.757828723000046],[120.80428693400006,14.757810552000024],[120.80434141300009,14.757797826000058],[120.80435832,14.757790556000032],[120.80434328900003,14.757785109000054],[120.80432450300009,14.757786929000076],[120.8043113540001,14.757794198000056],[120.80429256700006,14.757792385000073],[120.80427941300002,14.757776037000042],[120.80427001300006,14.757739705000063],[120.804232479,14.75772009800005],[120.80418053000005,14.757702708000068],[120.80416654400005,14.757679523000036],[120.80417253900009,14.75765633800006],[120.80418053100004,14.757646677000025],[120.80419251900003,14.75763508500006],[120.80420650500002,14.757625424000025],[120.80422248900004,14.757617696000068],[120.80425246000004,14.757596443000068],[120.80426844400006,14.757588715000054],[120.8043024100001,14.757577122000043],[120.80432039300001,14.757573258000036],[120.80434237100008,14.757563598000047],[120.80434237100008,14.757546209000054],[120.8043603530001,14.757530752000037],[120.80439232100002,14.757515296000065],[120.80441230200006,14.757507567000061],[120.80444027400006,14.757492111000033],[120.80445026400002,14.75747472200004],[120.80445825600009,14.757459265000023],[120.80453617900002,14.757457333000048],[120.804548167,14.757459265000023],[120.80456814700005,14.757470858000033],[120.80458213300005,14.757461198000044],[120.80458612900009,14.757438012000023],[120.80460411100012,14.757439945000044],[120.80460810700004,14.757455401000072],[120.8046160990001,14.757465062000051],[120.80462808700008,14.757465062000051],[120.80463807700005,14.757463130000076],[120.80469801800007,14.757441877000076],[120.80471400200008,14.75743221700003],[120.80470601000002,14.757420624000076],[120.80471400200008,14.757409031000066],[120.80472399200005,14.757407099000034],[120.80473997600006,14.757403235000027],[120.8047579580001,14.757397439000044],[120.80477394200011,14.757385846000034],[120.80479192400003,14.757378118000076],[120.80481989700002,14.757381982000027],[120.80486385300003,14.757414828000037],[120.80486984700008,14.757424489000073],[120.80488383300008,14.757436081000037],[120.80489981700009,14.757445742000073],[120.80491380300009,14.757451538000055],[120.80492179500004,14.757459267000058],[120.804931785,14.757461199000034],[120.80495176500006,14.75744381000004],[120.80495576100009,14.757434150000051],[120.80499372400004,14.757416761000059],[120.80500970800006,14.757414829000027],[120.80502769000009,14.757407100000023],[120.8050436740001,14.75738971100003],[120.80506165600002,14.757387779000055],[120.80507764000004,14.757397440000034],[120.80508962800002,14.757385847000023],[120.805117601,14.757385847000023],[120.80512759100009,14.757391644000052],[120.8051435750001,14.757395508000059],[120.8051321150001,14.75746384100006],[120.80514010700006,14.75747350100005],[120.80516408300002,14.757481230000053],[120.80517806900002,14.757492822000074],[120.8052020450001,14.757508279000035],[120.80522402400004,14.757541125000046],[120.80522002700002,14.757558514000038],[120.80521403300008,14.757573971000056],[120.80521403300008,14.757591360000049],[120.80522402300005,14.757606817000067],[120.80524600100011,14.757618409000031],[120.80527597200012,14.757618409000031],[120.80528995800012,14.757622274000028],[120.80529994800008,14.757639663000077],[120.80532192600003,14.75767830500007],[120.80531992800002,14.757753657000023],[120.80530993800005,14.757772978000048],[120.80530394400012,14.757798095000055],[120.80530394400012,14.757809688000066],[120.80528995700001,14.757830941000066],[120.80528396300008,14.757846398000027],[120.80527397300011,14.757859922000023],[120.80526997700008,14.757869583000058],[120.80524600100011,14.757904361000044],[120.80522602100007,14.757929478000051],[120.80520604000003,14.75796039200003],[120.8051860600001,14.758004830000061],[120.80516807800007,14.758037676000072],[120.80516008600011,14.758047336000061],[120.80515609000008,14.758058929000072],[120.80514809800002,14.758068589000061],[120.80512412100006,14.758105299000022],[120.80509993600003,14.758124777000035],[120.80507616900002,14.758140077000064],[120.80506018500012,14.758151669000029],[120.80504819700002,14.758165194000071],[120.80503820600006,14.758170990000053],[120.80502222200005,14.758176787000025],[120.80499624800007,14.758178719000057],[120.80497626800002,14.758182583000064],[120.80496228200002,14.758182583000064],[120.80495029400004,14.758192243000053],[120.80494030300008,14.758209632000046],[120.80492631700008,14.758234750000042],[120.80490833500005,14.758234750000042],[120.80489035300002,14.75823861400005],[120.80488197300008,14.758256262000032],[120.80487398100001,14.758269787000074],[120.8048559990001,14.758279448000053],[120.80484600900002,14.758281380000028],[120.80482203200006,14.758285244000035],[120.80480604800005,14.758285244000035],[120.80479006300004,14.758289108000042],[120.80477407900003,14.758294904000024],[120.80470414800004,14.758294904000024],[120.80469415800007,14.75829297200005],[120.8046821690001,14.75829297200005],[120.80464820300006,14.758287176000067],[120.8045962540001,14.758287176000067],[120.80458027000009,14.75828331100007],[120.80455429500012,14.758281379000039],[120.80453631300009,14.758273651000025],[120.80452032900007,14.758254329000067],[120.80450834100009,14.758236940000074],[120.80445639200002,14.758236940000074],[120.80443241600005,14.758235008000042],[120.80440644200007,14.758227280000028],[120.80439245600007,14.75821761900005],[120.8043824660001,14.758213755000043],[120.80437247500004,14.758215687000074],[120.80435848900004,14.758236940000074],[120.80433451300007,14.758231143000046],[120.8043245230001,14.758227279000039],[120.80430254500004,14.758209890000046],[120.80430254500004,14.758171248000053],[120.80429455300009,14.75816352000004],[120.80424260400002,14.758161587000075],[120.80416268300007,14.758167383000057],[120.80414470100004,14.758175111000071],[120.80412871700003,14.758180908000043],[120.80411672900004,14.758180908000043],[120.80409275300008,14.758157722000021],[120.80407277300003,14.758161586000028],[120.80406478000009,14.758169315000032],[120.80404879600007,14.758190568000032],[120.80403281200006,14.758200228000021],[120.80401882600006,14.758209888000067],[120.80396687700011,14.75822727700006],[120.80393291100006,14.758250462000035],[120.80390493800007,14.758263987000078],[120.80387496800006,14.758283307000056],[120.80386298000008,14.758300696000049],[120.80385898300005,14.758310357000028],[120.80384699500007,14.758320017000074],[120.803825017,14.758331610000027],[120.80380503700007,14.758345134000024],[120.80378705400005,14.758350930000063],[120.803767074,14.758368319000056],[120.80375508600002,14.758387640000024],[120.80374709400007,14.758395368000038],[120.80373910100002,14.758408893000023],[120.80372511500002,14.758420486000034],[120.80369314600011,14.758449467000048],[120.80368515400005,14.758459127000037],[120.80366917000003,14.758480380000037],[120.8036471910001,14.758503565000069],[120.8036332050001,14.758513226000048],[120.80361322500005,14.758522886000037],[120.80359524300002,14.758526750000044],[120.80357126600006,14.75854027500003],[120.80355927800008,14.758544139000037],[120.80352331300003,14.758569256000044],[120.80333957200003,14.758705597000073],[120.80332758300005,14.758707529000048],[120.80331759300009,14.75871912100007],[120.80330360700009,14.758730714000023],[120.80329561500002,14.75874037400007],[120.80328562400007,14.758751967000023],[120.80328562400007,14.758769356000073],[120.8032896200001,14.758786745000066],[120.80329961000007,14.75880993000004],[120.80330760200002,14.758819591000076],[120.80334156800006,14.758846640000058],[120.80336754200005,14.758875622000062],[120.80338352600006,14.758893011000055],[120.80340150800009,14.758914265000044],[120.80341549400009,14.758931654000037],[120.80342348600004,14.758939382000051],[120.80343947000006,14.758966432000022],[120.803447462,14.758976092000069],[120.80345345600006,14.758989617000054],[120.80347143800009,14.75901473500005],[120.80347743200002,14.759030192000068],[120.80348942,14.759053377000043],[120.80350940000005,14.759082359000047],[120.8035153940001,14.759097816000065],[120.80352338600005,14.759109408000029],[120.80353537400003,14.759140322000064],[120.80355335600007,14.759159643000032],[120.80356534400005,14.759178964000057],[120.80357533400002,14.759188625000036],[120.8035993100001,14.759200218000046],[120.80362128800004,14.75920794600006],[120.80363727200006,14.759227267000028],[120.80364526400001,14.75925045300005],[120.80365725200011,14.759279434000064],[120.80365925000001,14.759294891000025],[120.80366524400006,14.75930455200006],[120.80370320600002,14.759331602000032],[120.8037117880001,14.759357967000028],[120.80372777200012,14.759361832000025],[120.80373776200008,14.759367628000064],[120.80375574400011,14.759383085000024],[120.80376173800005,14.759394678000035],[120.80376173800005,14.759427524000046],[120.80375574400011,14.759442980000074],[120.80374775100006,14.759450709000077],[120.80374375500003,14.759460369000067],[120.80374575300004,14.759475826000028],[120.80375574300001,14.759495147000052],[120.80376972900001,14.759499012000049],[120.80378371600011,14.75951060400007],[120.80379170800006,14.759520265000049],[120.80380169800003,14.759543450000024],[120.8038096900001,14.75955311100006],[120.80381368600001,14.759566636000045],[120.80383166800004,14.75958595700007],[120.80384165800001,14.759591753000052],[120.80386363600007,14.759611074000077],[120.80391358600002,14.759640056000023],[120.8039395610001,14.759647785000027],[120.80396353700007,14.75965551400003],[120.80397752300007,14.759657446000062],[120.8039815190001,14.759670970000059],[120.80395754300002,14.759680631000037],[120.80397352700004,14.75969802000003],[120.80399150900007,14.759717341000055],[120.80400549500007,14.759742458000062],[120.80402147900008,14.759755983000048],[120.80403346700007,14.759769508000034],[120.80404945200007,14.759781101000044],[120.80408541600002,14.759817811000062],[120.80409940200002,14.759844861000033],[120.80410739400008,14.759864182000058],[120.80411338800002,14.759873842000047],[120.80412138000008,14.759893163000072],[120.80414136000002,14.759922145000075],[120.80414335800003,14.759968516000072],[120.80415136300007,14.759999938000021],[120.80417933600006,14.760003802000028],[120.80419532000008,14.760013463000064],[120.80421330200011,14.760034716000064],[120.80422329200007,14.760050173000025],[120.80423528000006,14.760055969000064],[120.80424926600006,14.76006949400005],[120.80425925600002,14.760075290000032],[120.80429522100007,14.760106204000067],[120.80430321300003,14.760121661000028],[120.80432119500006,14.760154507000038],[120.8043271890001,14.76017769200007],[120.80433717900007,14.760197013000038],[120.804343173,14.760214402000031],[120.80434916700005,14.760224063000067],[120.80435116500007,14.76024145200006],[120.80436515100007,14.76026270500006],[120.80438713,14.760297483000045],[120.8043991180001,14.760322601000041],[120.80440111500002,14.760349650000023],[120.80438912700004,14.760363175000066],[120.80438113500009,14.760378631000037],[120.80438113500009,14.760401817000059],[120.80438912700004,14.760415341000055],[120.80439512100008,14.760430798000073],[120.80440511100005,14.76045011900004],[120.80440511100005,14.760467508000033],[120.80439911700012,14.760484897000026],[120.80439269200008,14.76053371300003],[120.80439269200008,14.760558830000036],[120.80440468000006,14.76057621900003],[120.80440068400003,14.760593608000022],[120.80438869500006,14.76060906500004],[120.80438669700004,14.760624522000057],[120.8043807030001,14.760639978000029],[120.80436072200007,14.760661232000075],[120.80434473800005,14.760670892000064],[120.8043367460001,14.760678620000022],[120.8043227600001,14.760686349000025],[120.80430277900007,14.760711466000032],[120.80429478700012,14.760724991000075],[120.80428679400006,14.760734651000064],[120.80425682400005,14.760782953000046],[120.8042468330001,14.760796478000032],[120.8042328470001,14.760806138000078],[120.80421486400007,14.760813867000024],[120.80417232500008,14.760849366000059],[120.80415833900008,14.760862890000055],[120.804118377,14.760889940000027],[120.80410638900003,14.760899600000073],[120.80406443000004,14.760930514000052],[120.80406442900005,14.760955631000058],[120.80405244100007,14.760967224000069],[120.80403845500007,14.760969156000044],[120.80401447800011,14.760969155000055],[120.80400249000002,14.76097108700003],[120.80397052100011,14.760994273000051],[120.803956534,14.761007797000048],[120.8039405500001,14.761017458000026],[120.80393255800004,14.76102518600004],[120.80391657300004,14.761036779000051],[120.80388660200003,14.761065760000065],[120.80385862900005,14.761090877000072],[120.80384464300005,14.76109860500003],[120.80381467200004,14.761121790000061],[120.80379669000001,14.761133383000072],[120.80378270300002,14.761148840000033],[120.8037647210001,14.761168161000057],[120.80375273200002,14.761181685000054],[120.80375273200002,14.761202938000054],[120.80375672800005,14.761218395000071],[120.80376671800002,14.761229988000025],[120.80378669900006,14.761231920000057],[120.80379868700004,14.761253173000057],[120.80378470000005,14.761264766000068],[120.80376472000012,14.761268630000075],[120.80373874500003,14.761268630000075],[120.80371476800008,14.761276358000032],[120.8037465220001,14.761287734000064],[120.80390203800005,14.76131244800007],[120.80425362800008,14.761358911000059],[120.80474957700005,14.760677243000032],[120.80501142000003,14.760304150000024],[120.80532111200012,14.759782767000047],[120.8056312550001,14.75941612500003],[120.80596235300004,14.75909981600006],[120.806064074,14.759173109000074],[120.80628664300002,14.759354168000073],[120.8066406800001,14.759666024000069],[120.807093441,14.760036342000035],[120.80738265000002,14.76028321900003],[120.80766188700011,14.760512739000035],[120.80841095400001,14.761125825000022],[120.80846547800002,14.761170779000054],[120.80860849100009,14.761304869000071],[120.80877711300002,14.76146297200006],[120.80895826500011,14.761664020000069],[120.8089895060001,14.761650215000031],[120.80926910100004,14.761526668000045],[120.80929380300006,14.761516715000027],[120.809308213,14.761504771000034],[120.80931850500008,14.761502781000047],[120.8093514420001,14.761494818000074],[120.80941319700003,14.761494818000074],[120.8094481920001,14.761498799000037],[120.80945848500005,14.761502780000058],[120.80947495300006,14.761502780000058],[120.80950583100002,14.761510742000041],[120.8095243570001,14.761510742000041],[120.80953465000005,14.761514723000062],[120.80957787900002,14.761514722000072],[120.80960052300009,14.761522684000056],[120.80960875700009,14.761528656000053],[120.80961904900005,14.76153064700003],[120.80962934200011,14.761536618000036],[120.80964581,14.761542590000033],[120.80967874700002,14.76154856100004],[120.80968903900009,14.76154856100004],[120.80971374100011,14.761554533000037],[120.80973021000011,14.761554533000037],[120.809742561,14.761556523000024],[120.80975902900002,14.761560504000045],[120.8097899070001,14.761572447000049],[120.80984960400008,14.76160827700005],[120.80985578000002,14.761616239000034],[120.80987842400009,14.761624202000064],[120.80988871600005,14.761624201000075],[120.80992988700007,14.761640126000032],[120.80994635500008,14.761644107000052],[120.8099669400001,14.761652069000036],[120.8099875260001,14.761660031000076],[120.81004310600008,14.76168590800006],[120.81007192600009,14.761687898000048],[120.81010486200012,14.761673964000067],[120.81032135600003,14.761621915000035],[120.81033782400004,14.761613953000051],[120.81036252600006,14.761598028000037],[120.81037076000007,14.76157015900003],[120.81038722800008,14.761564188000023],[120.8104160470001,14.761564187000033],[120.81043251500012,14.761558215000036],[120.81043457400006,14.761544281000056],[120.81041398800005,14.761544281000056],[120.8104036960001,14.761548263000066],[120.81038311100008,14.761550254000042],[120.81034605700006,14.761550254000042],[120.8103357650001,14.761548263000066],[120.81031929700009,14.761548264000055],[120.81030282800009,14.761536320000062],[120.81026989200006,14.761536321000051],[120.810259599,14.76153234000003],[120.810259599,14.761520396000037],[120.81026577500006,14.76150447200007],[120.81029047700008,14.761488547000056],[120.81030488600004,14.761484565000046],[120.8103151790001,14.761484565000046],[120.81033164700011,14.761476603000062],[120.81033164700011,14.761462669000025],[120.81032341200012,14.761446744000068],[120.81032341200012,14.761428829000067],[120.810327529,14.76141887600005],[120.810331646,14.761394989000053],[120.81033576300001,14.761377074000052],[120.81034193800008,14.761359159000051],[120.81033987900003,14.76134124300006],[120.81033987800004,14.761267592000024],[120.81034811200004,14.76125963000004],[120.81036046300005,14.761251667000067],[120.81037693100006,14.761243705000027],[120.81039545800002,14.761239723000074],[120.81040575100008,14.761233752000066],[120.81040986700009,14.761213846000032],[120.81040780800004,14.76116806300007],[120.81040780800004,14.761140194000063],[120.81040369100003,14.761130242000036],[120.8104016320001,14.761106355000038],[120.81039751500009,14.761096402000021],[120.81039751500009,14.761076496000044],[120.81041192400005,14.761056590000067],[120.81041604100005,14.76104663700005],[120.81042427500006,14.761036684000032],[120.81043250900007,14.761030712000036],[120.81045056800008,14.761002322000024],[120.81046497700004,14.760994359000051],[120.81046497700004,14.760978435000027],[120.81046497700004,14.760950567000066],[120.81046909400004,14.760932651000076],[120.81047732800005,14.760926680000068],[120.810491737,14.760908764000021],[120.81050820500002,14.760886868000057],[120.8105267310001,14.760847056000046],[120.8105308480001,14.760827150000068],[120.81054319800012,14.760791319000077],[120.810547315,14.760773404000076],[120.81055143200001,14.760755489000076],[120.81057406900004,14.760679074000052],[120.81057406900004,14.76064324400005],[120.8105761270001,14.76062532800006],[120.81058230200006,14.760603432000039],[120.81058436100011,14.760585517000038],[120.81059465300007,14.760549686000047],[120.81060494500002,14.760531771000046],[120.81061317900003,14.760505893000072],[120.81061317800004,14.76046210000004],[120.81061729500004,14.760446176000073],[120.81061729500004,14.760434232000023],[120.81062141100006,14.760416317000022],[120.810623469,14.760382477000064],[120.81063376200007,14.760358590000067],[120.81064405400002,14.760328731000072],[120.81065022900009,14.760302853000042],[120.81067287200005,14.760251098000026],[120.810679047,14.760217258000068],[120.81067904600002,14.760135644000059],[120.81068316300002,14.760117729000058],[120.8107058060001,14.760083889000043],[120.810718156,14.76005801100007],[120.81077820100006,14.759768746000077],[120.81077408400006,14.75974087800006],[120.81076996600007,14.759730926000032],[120.81076790800012,14.759703057000024],[120.81076379000001,14.759691114000077],[120.810759673,14.75967718000004],[120.81075761400007,14.759659265000039],[120.81074938000006,14.759643340000025],[120.81073702900005,14.759619454000074],[120.81073085300011,14.759611491000044],[120.8107185020001,14.759563718000038],[120.81070820900004,14.759535850000077],[120.8107061500001,14.75952589700006],[120.8107061500001,14.759480114000041],[120.81069174000004,14.759456227000044],[120.81068144700009,14.759456227000044],[120.81067060500004,14.759441589000062],[120.81066648800004,14.759427655000025],[120.81065825400003,14.759409740000024],[120.81065207800009,14.75940177800004],[120.81063972700008,14.759377891000042],[120.81063972600009,14.759336089000044],[120.81063149200008,14.759296277000033],[120.81060884800002,14.759258456000055],[120.81060473000002,14.759240541000054],[120.81059443800007,14.75922461700003],[120.81057179400011,14.759184806000064],[120.81055532500011,14.759158928000033],[120.81054503200005,14.75913703200007],[120.81054091500005,14.759109164000051],[120.81054091500005,14.759079305000057],[120.81055120700012,14.759065371000077],[120.810559441,14.75905541800006],[120.81055326500007,14.759041484000022],[120.81054914800006,14.759025560000055],[120.81053885600011,14.759025560000055],[120.81052032900004,14.759027551000031],[120.81050592000008,14.759015607000038],[120.81052032900004,14.758999682000024],[120.81053268000005,14.758981767000023],[120.81052444500006,14.758961861000046],[120.81052032800005,14.758943946000045],[120.81050797700004,14.758912097000064],[120.81050386000004,14.758894182000063],[120.81049562600003,14.758888210000066],[120.81047504000003,14.758880248000025],[120.81046268900002,14.758880249000072],[120.81044004600005,14.758866315000034],[120.81043798700011,14.758850390000077],[120.81042769400005,14.758826503000023],[120.81045857100003,14.758794654000042],[120.81031092300009,14.75843203100004],[120.81025534200012,14.758286719000068],[120.81026357500002,14.758183208000048],[120.8102821010001,14.75815932100005],[120.8104138440001,14.758095621000052],[120.81049618300005,14.758069743000021],[120.8107185,14.758065759000033],[120.81113421400005,14.758093622000047],[120.81148725000003,14.758153333000052],[120.81151195200005,14.758155324000029],[120.81155312300007,14.758163285000023],[120.81157370800008,14.758165275000067],[120.811623112,14.758175228000027],[120.8116745750001,14.758175227000038],[120.81169310100006,14.758181198000045],[120.81172603800007,14.75819712200007],[120.8117548570001,14.75820707500003],[120.81177132500011,14.75821503700007],[120.81179191000001,14.758215036000024],[120.81180631900008,14.75820707400004],[120.81182484600004,14.758201102000044],[120.81184131400005,14.758205083000064],[120.81187013300007,14.758215035000035],[120.8119071860001,14.758234940000023],[120.81201628600002,14.758234938000044],[120.81204304700009,14.758242900000027],[120.81205333900004,14.758244890000071],[120.81206569000005,14.758244890000071],[120.81207804100006,14.758238918000075],[120.81208833300002,14.758224984000037],[120.81208833300002,14.758199107000053],[120.81209450800009,14.758183182000039],[120.81210274200009,14.758167257000025],[120.81211920900012,14.758145360000071],[120.81213567700001,14.758125454000037],[120.81215420300009,14.758115501000077],[120.81217890500011,14.758107538000047],[120.81220978200008,14.758107538000047],[120.8122262500001,14.758113509000054],[120.81223242600004,14.758141377000072],[120.81223654300004,14.758151330000032],[120.81224477700005,14.758167254000057],[120.81224478000001,14.75827474600004],[120.81225301400002,14.758282708000024],[120.8122674230001,14.758288679000032],[120.81227771600004,14.758290670000065],[120.81229624200012,14.758290669000075],[120.81230241700007,14.758270763000041],[120.81231682600003,14.758262801000058],[120.8123477040001,14.758262800000068],[120.81236417200012,14.758256828000071],[120.81237240500002,14.75824886600003],[120.81238269700009,14.758232941000074],[120.81238269700009,14.758207063000043],[120.81238887200004,14.75819910100006],[120.81243415900008,14.758187156000076],[120.81246709400011,14.758187156000076],[120.81249385500007,14.758189146000063],[120.81255560900001,14.758163267000043],[120.81257207600004,14.758153314000026],[120.81259266100005,14.758149332000073],[120.81265235700005,14.758149331000027],[120.81267294200006,14.75815132100007],[120.81269146900001,14.758149330000037],[120.81269970200003,14.75814335800004],[120.8127058770001,14.75812544300004],[120.8127099940001,14.75811150900006],[120.81272234500011,14.75810752700005],[120.81272440500004,14.758155301000045],[120.81272028800004,14.758165254000062],[120.81274499000006,14.758179188000042],[120.81275734100007,14.758179187000053],[120.81276763300002,14.758165253000072],[120.8127820420001,14.758147338000072],[120.8127943930001,14.758147337000025],[120.81280674400011,14.758137384000065],[120.812814978,14.758131412000068],[120.81283144500003,14.758131412000068],[120.8128582060001,14.758143355000072],[120.81286849900005,14.758143355000072],[120.81288925600006,14.758158093000077],[120.812889261,14.758176337000066],[120.81288549300007,14.75819823200004],[120.81290059700007,14.75823471800004],[120.81290248700009,14.758249314000068],[120.81291003800004,14.75826390800006],[120.81292324600008,14.758267554000042],[120.81293833500001,14.75824930500005],[120.81296097500001,14.758243826000069],[120.8129760700001,14.758247471000061],[120.81298927500006,14.758241995000049],[120.81299870300006,14.758220098000038],[120.813023229,14.758214619000057],[120.81305061600006,14.758227816000044],[120.81307477000007,14.758231704000025],[120.8131150260001,14.75823364300004],[120.81314521900003,14.758239477000075],[120.81324988400002,14.758239458000048],[120.81326598700002,14.758241402000067],[120.81328172400003,14.758258343000023],[120.81328738800005,14.758272937000072],[120.81328550800004,14.758296656000027],[120.81331381200005,14.758307596000066],[120.81337041400002,14.758309406000024],[120.81338739400007,14.758307578000029],[120.81340248700008,14.758303925000064],[120.81342890200006,14.758303918000024],[120.81345154000007,14.758294790000036],[120.81346852200011,14.758298435000029],[120.81348173200001,14.758309379000025],[120.81349494000006,14.758314849000044],[120.8135194680001,14.758316667000031],[120.81353456200009,14.758316663000073],[120.813566637,14.758316655000044],[120.81357984500005,14.758318477000046],[120.81360248500005,14.758318471000052],[120.81361758000003,14.758322116000045],[120.81363078400011,14.758309342000075],[120.81361945800006,14.758287450000068],[120.81361945300011,14.758269206000023],[120.81363831800002,14.758260078000035],[120.81365341300011,14.758263724000074],[120.81367039300005,14.75826371900007],[120.813677944,14.758276489000025],[120.81368360800002,14.758291083000074],[120.81368549900003,14.758307503000026],[120.81367984200006,14.758320276000063],[120.8150680980001,14.758417571000052],[120.8156026910001,14.758940418000066],[120.81563691000008,14.758946251000054],[120.81571542400002,14.759022145000074],[120.81580802000008,14.759057163000023],[120.81580803200006,14.759113608000064],[120.815707384,14.75907664600004],[120.81557255200005,14.759203186000036],[120.81551215800005,14.759154538000075],[120.8154276350001,14.759228516000064],[120.81545358200003,14.759255845000041],[120.81538195900009,14.759314634000077],[120.81532902800006,14.759284790000038],[120.81530257100007,14.759312517000069],[120.81528493200005,14.759327447000032],[120.81527831800008,14.759335978000024],[120.81524965400001,14.75935091100007],[120.81526068700009,14.759387160000074],[120.8152408410001,14.75939356200007],[120.81523422700002,14.759402093000062],[120.81522761600002,14.75942341800004],[120.81519895200006,14.759442616000058],[120.8151769000001,14.759442620000073],[120.81515043400009,14.759425565000072],[120.81513940700006,14.759421302000021],[120.81512176700005,14.759427703000028],[120.81512176900003,14.759438365000051],[120.81512397600011,14.759449027000073],[120.81511295400003,14.75947035400003],[120.81508649400007,14.759481021000056],[120.81504239100002,14.759487426000021],[120.81502916000011,14.759487429000046],[120.815009314,14.759491697000044],[120.81499828800008,14.759491699000023],[120.8149608010001,14.759502369000074],[120.81495198200003,14.759508768000046],[120.8149409560001,14.759513035000055],[120.81488803900004,14.759551428000066],[120.8148130720001,14.759602621000056],[120.81479102100002,14.759611155000073],[120.81477338000002,14.759611158000041],[120.81475573700004,14.759606897000026],[120.8147447120001,14.759609031000025],[120.81473368600007,14.759613298000033],[120.81469399900004,14.759647424000036],[120.81468738600006,14.759658088000037],[120.81468738800004,14.75966875000006],[120.81468518500003,14.759679413000072],[120.81468077600005,14.759690076000027],[120.81467195800008,14.759705005000058],[120.814658731,14.759722067000041],[120.8147028410001,14.75975191300006],[120.81471828100007,14.75976896900005],[120.81471607700007,14.759779632000061],[120.81470946400009,14.759788163000053],[120.8146874140001,14.759803094000063],[120.81467639000005,14.759813759000053],[120.81467198300004,14.759830819000058],[120.81468301300004,14.759847877000027],[120.81468742600009,14.759860670000023],[120.81467419700004,14.759873468000023],[120.81465435500002,14.759899061000056],[120.81463202700002,14.759904728000038],[120.8146077240001,14.759930375000067],[120.8145922550001,14.759928241000068],[120.81458341300004,14.75991755800004],[120.8145679380001,14.759885508000025],[120.81455467500007,14.75986200400007],[120.81453699600002,14.75985987000007],[120.81452152700001,14.759862010000063],[120.81451269100012,14.759874833000026],[120.8145149070001,14.759909023000034],[120.81450828100003,14.759923983000022],[120.81449944300005,14.75993253200005],[120.81448618600007,14.759941082000068],[120.81446409000011,14.759951771000033],[120.81445304300007,14.759964594000053],[120.81445083500012,14.75997527900006],[120.81445084000006,14.760000922000074],[120.81444200400006,14.760015882000062],[120.814435376,14.760024431000033],[120.81442432900008,14.760032980000062],[120.81441328100004,14.760039393000056],[120.81439118500009,14.760054356000069],[120.81437130200004,14.760082139000076],[120.81434699800002,14.760103513000047],[120.81432931800009,14.760094968000033],[120.8143094290001,14.760090698000056],[120.81430058800004,14.760082152000052],[120.81428290800011,14.760075744000062],[120.81426964800005,14.760073610000063],[120.81425639000008,14.760077886000033],[120.81425197300007,14.760090708000064],[120.81425197600004,14.760103530000038],[120.81427628900008,14.760131305000073],[120.81427629300003,14.760150537000072],[120.81428292400005,14.760159084000065],[120.814291765,14.760165493000045],[120.81429839600003,14.760174039000049],[120.81429619000005,14.760193272000038],[120.8142785120001,14.760199686000021],[120.81425862600008,14.760208237000029],[120.8142453700001,14.76022533500003],[120.81424537600003,14.76025738800007],[120.81421886500004,14.76029372100004],[120.81421002900004,14.76031081800005],[120.8141989830001,14.760325778000038],[120.81416805100002,14.760357837000072],[120.81415700600007,14.76037707200004],[120.81414816800009,14.760385621000069],[120.81413490800003,14.760381349000056],[120.81411943800003,14.760370668000064],[120.81411060000005,14.760379217000036],[120.81409955400011,14.760396314000047],[120.81409071700011,14.760409137000067],[120.81406862300003,14.760432647000073],[120.81403435000004,14.760452943000075],[120.81401446600012,14.760476452000034],[120.813999,14.760491413000068],[120.81397469500007,14.760506376000023],[120.81395481100003,14.760532023000053],[120.81393713900002,14.76056621600003],[120.81390179100003,14.760611098000027],[120.813875273,14.76061110300003],[120.81386643700012,14.760630336000077],[120.81386202100009,14.760647433000031],[120.81386644200006,14.760658116000059],[120.81388191700012,14.76068803000004],[120.81387529000006,14.760698716000036],[120.81385761500007,14.760722225000052],[120.81383993500003,14.760715817000062],[120.81382888600001,14.760713683000063],[120.81381341600002,14.760707275000073],[120.81380236600012,14.760705140000027],[120.81378247700002,14.760703006000028],[120.8137670110001,14.76071369400006],[120.81376259300009,14.760724379000067],[120.81375596700002,14.760743612000056],[120.81375596900011,14.760754297000062],[120.81376481200004,14.760771391000048],[120.81378470200002,14.760779935000073],[120.81379575200003,14.760786343000063],[120.81378470900006,14.760818399000073],[120.813747153,14.76087396500003],[120.81373168700009,14.76088679000003],[120.81371179700011,14.760880382000039],[120.81367201600006,14.760861157000022],[120.81365876000007,14.760876118000056],[120.81364992500005,14.760897489000058],[120.81364992700003,14.760908173000075],[120.81367644800002,14.76092312700007],[120.81368308000003,14.760935947000064],[120.81367203500008,14.760957318000067],[120.81365436200008,14.760987238000041],[120.81363889900001,14.761017158000072],[120.81363669100006,14.761027843000022],[120.813641114,14.761044937000065],[120.81364774500003,14.761055620000036],[120.81365658900006,14.761079125000037],[120.81364996600007,14.761113317000024],[120.81365438800003,14.761124],[120.81365218200006,14.761141096000074],[120.81363892900004,14.761177426000074],[120.81362567500003,14.761198797000077],[120.813605531,14.761192981000022],[120.81358343200009,14.76119084800007],[120.81357238300006,14.761192987000072],[120.81356354500008,14.761201537000034],[120.81355470900007,14.761216497000078],[120.81353924700011,14.761252827000021],[120.81353041000011,14.761263513000074],[120.81351494600005,14.761293432000059],[120.81350832200008,14.761319076000063],[120.81348844000001,14.761353271000075],[120.81346855600009,14.761378917000059],[120.81346193000002,14.761396013000024],[120.81345530600004,14.761428068000043],[120.81344867900009,14.76143875400004],[120.8134199540001,14.761453717000052],[120.81341111600011,14.761460130000046],[120.81340449000004,14.761477226000068],[120.813404493,14.761496458000067],[120.81341555100005,14.761541331000046],[120.81341555400002,14.761554153000077],[120.81340892800006,14.761575523000033],[120.81340230100011,14.76158620900003],[120.813389045,14.76160330600004],[120.81337358000007,14.761622541000065],[120.81336032700005,14.761654597000074],[120.81335591100003,14.761673830000063],[120.81334928400008,14.761690927000075],[120.81333382000003,14.761716572000068],[120.81332940300001,14.761729395000032],[120.81332498800009,14.761750764000055],[120.81330068900002,14.761802055000032],[120.81329848400003,14.761829835000071],[120.81330069800003,14.761849067000071],[120.81331174900004,14.761859749000052],[120.81332943100006,14.761872567000069],[120.81332943400002,14.761891800000058],[120.81332280700008,14.761902485000064],[120.81331175700006,14.761902487000043],[120.8132984990001,14.76190676300007],[120.81329408200008,14.761919586000033],[120.81327861900002,14.761949505000075],[120.81325874100003,14.762004826000066],[120.81325653300007,14.762015511000072],[120.813256539,14.762045428000022],[120.81324991200006,14.762062525000033],[120.81324991500003,14.762075346000074],[120.81324329100005,14.762103127000046],[120.81324550300008,14.76211594800003],[120.81325876500011,14.762133041000027],[120.81327202700004,14.762145860000032],[120.81326761100001,14.762165093000021],[120.81326098400007,14.762182189000043],[120.81325215100003,14.762214244000063],[120.81324994500005,14.762231340000028],[120.81324994700003,14.762246298000036],[120.81324774000007,14.762261257000034],[120.81324554200012,14.76232322800007],[120.81324554800005,14.762353145000077],[120.81323450100001,14.76236596800004],[120.81320577300005,14.762365973000044],[120.81319693500006,14.762372385000049],[120.81318589000011,14.762393756000051],[120.8131770540001,14.76241299000003],[120.81317263800008,14.762434360000043],[120.81317264000006,14.76244504500005],[120.8131704330001,14.762455729000067],[120.81315718000008,14.762489922000043],[120.81315718400003,14.762511291000067],[120.813152768,14.762532661000023],[120.81313288500007,14.762560445000076],[120.81312405300002,14.762598911000055],[120.81312626500005,14.762609595000072],[120.81313069500004,14.762667290000024],[120.81313069900011,14.76268652300007],[120.81313070800002,14.762731398000028],[120.81313513300006,14.762762318000057],[120.81313513600003,14.76277514000003],[120.81312409000009,14.762794374000066],[120.81311083100002,14.762796513000069],[120.81311746500012,14.762817881000046],[120.8131174670001,14.762828565000063],[120.8131506200001,14.762854202000028],[120.8131351610001,14.76290762800005],[120.81313516300008,14.762920449000035],[120.81313737500011,14.762931133000052],[120.81314400800011,14.762948228000027],[120.81316389900007,14.762956772000052],[120.81317053200007,14.76297814000003],[120.81317274500009,14.762993097000049],[120.81319263400007,14.762993094000024],[120.81320810300008,14.762997365000047],[120.813212528,14.763020870000048],[120.81321695000008,14.763033691000032],[120.81324346800011,14.763033686000028],[120.81326335800009,14.763037956000062],[120.813261151,14.763057189000051],[120.81325452600004,14.76307642200004],[120.813254529,14.763093517000073],[120.81325232100005,14.763106339000046],[120.81325895500004,14.763125570000057],[120.8132633780001,14.763146939000023],[120.81325454600005,14.763185404000069],[120.81325012900004,14.763198227000032],[120.81325013500009,14.763228143000049],[120.81325013800006,14.763247375000049],[120.81323909200012,14.76326447300005],[120.81323247000012,14.76330080100007],[120.81323026600012,14.763334992000068],[120.81322364000005,14.763354226000047],[120.81321480600002,14.763379870000051],[120.81319933700001,14.763379873000076],[120.81318165700009,14.763375602000053],[120.81315955900004,14.763377743000035],[120.81313525000007,14.76337774700005],[120.81312199100012,14.76337561300005],[120.81310626800007,14.763373237000053],[120.81308750800008,14.76338882300007],[120.81310333400006,14.763399021000055],[120.81311916000004,14.763409219000039],[120.81313674300009,14.763412617000029],[120.81314729100006,14.763410915000065],[120.81316487400011,14.763414312000066],[120.81322289500008,14.763414301000068],[120.813259818,14.76342109500007],[120.81328619300007,14.763431292000064],[120.81330905200002,14.763439788000028],[120.81333367000002,14.763456786000063],[120.81335301400009,14.763475484000026],[120.81336708300012,14.76349248300005],[120.81338466900002,14.763517982000053],[120.813402257,14.763548582000055],[120.81341105000001,14.76355538100006],[120.81342160000008,14.76355877900005],[120.81344797300005,14.763558775000035],[120.81348313400008,14.763543467000034],[120.81352356800005,14.763521358000048],[120.81356400400011,14.763506049000057],[120.81360443900007,14.76348223900004],[120.8136237760001,14.763468635000038],[120.81362904900004,14.763460133000024],[120.81363080400001,14.763444831000072],[120.81362025300007,14.763431232000073],[120.81360266800004,14.763417634000064],[120.81358156700003,14.763407437000069],[120.81357453300006,14.763398937000034],[120.81356749300005,14.763363235000043],[120.81356045500002,14.76333773400006],[120.8135551790001,14.763327534000041],[120.81355166000003,14.763313933000063],[120.81353934900005,14.763295234000054],[120.81350945500003,14.76327483700004],[120.813502416,14.763242535000074],[120.81349186200009,14.763217035000025],[120.81348834300002,14.763203434000047],[120.81348130800006,14.763188134000075],[120.81345668900008,14.763169437000045],[120.8134391000001,14.763130336000074],[120.8134496460001,14.763115033000076],[120.81345843400004,14.763101430000063],[120.8134478830001,14.763092931000074],[120.81343030100004,14.763089534000073],[120.8134162340001,14.763083774000052],[120.81340568100006,14.763065074000053],[120.81340040200007,14.76304297300004],[120.81341798200003,14.763027668000063],[120.8134302850001,14.763005564000025],[120.81343379700002,14.762985161000074],[120.81343379500004,14.762973260000024],[120.81342675300004,14.762927357000024],[120.81342674900009,14.762905255000021],[120.81341444000009,14.762895056000048],[120.81340388900003,14.762886557000058],[120.81340388600006,14.762874656000065],[120.81340915700002,14.762854253000057],[120.81340036100005,14.762828752000075],[120.81337398800008,14.762825357000054],[120.81336519600006,14.762820258000033],[120.81335464400001,14.762806659000034],[120.81335639800011,14.762787957000057],[120.81336342800012,14.762769254000034],[120.81336342400004,14.762752252000041],[120.81337572900009,14.762738649000028],[120.81339857900002,14.762701241000059],[120.81340209100006,14.762682539000025],[120.8133915410001,14.762674040000036],[120.8133862630001,14.762660439000058],[120.8133897780001,14.762650238000049],[120.81338977500002,14.76263493600004],[120.81341789500004,14.762575426000069],[120.81342140900006,14.76256522400007],[120.81342140700008,14.762555023000061],[120.81341613000006,14.762539723000032],[120.81340733600007,14.762524423000059],[120.81339502600008,14.76251082400006],[120.81338975000006,14.762502324000025],[120.81338798900003,14.762492123000072],[120.81339150300005,14.762476821000064],[120.81341963000011,14.762453014000073],[120.81343193500004,14.762441111000044],[120.81343368900002,14.762420708000036],[120.81344247700008,14.762403705000054],[120.81345654100005,14.76239520200005],[120.81346708600006,14.762373098000069],[120.81346708300009,14.76235779600006],[120.81347235300007,14.762336005000066],[120.8134793800001,14.762305401000049],[120.81347937800001,14.762293500000055],[120.81348991900006,14.76225269400004],[120.81349694200003,14.762203388000046],[120.81350397000006,14.762176184000054],[120.81350924100002,14.762159182000062],[120.81351978100008,14.762108175000037],[120.813526808,14.762079271000061],[120.81353383700002,14.762060568000038],[120.81354086500005,14.762035064000031],[120.8135531590001,14.761968756000044],[120.81357248400002,14.76188714500006],[120.813570722,14.761868443000026],[120.81355489400005,14.761844644000064],[120.81355137500009,14.76183104300003],[120.81354961400007,14.761817442000051],[120.81355312800008,14.761802140000043],[120.8135601570001,14.76178513700006],[120.81357949000005,14.761747730000025],[120.81359994200011,14.76172408900004],[120.8136104890001,14.761712186000068],[120.81360521200008,14.761698585000033],[120.81360696700006,14.761683284000071],[120.81361224000011,14.761673082000073],[120.81363157600003,14.761650976000055],[120.81364387700012,14.761620371000049],[120.81365442200001,14.761601667000036],[120.81366321200005,14.761593165000022],[120.81367727600002,14.761588062000044],[120.81370013000003,14.761574457000052],[120.81370891800009,14.761560854000038],[120.81371067500004,14.761550653000029],[120.813708915,14.761540452000077],[120.81370363700012,14.761523451000073],[120.8137264820001,14.76146734200006],[120.81374229700009,14.76142313500003],[120.81376339300004,14.761407830000053],[120.813796797,14.76140272300006],[120.81380734700008,14.761402721000024],[120.81381789300008,14.761390818000052],[120.81381789000011,14.761372117000064],[120.81381261400008,14.761363617000029],[120.81378096300011,14.76134832100007],[120.8137721700001,14.761334721000026],[120.81377568200003,14.761316019000049],[120.81378095500008,14.76130581700005],[120.81378446700012,14.761282014000074],[120.81378798000003,14.761265012000024],[120.81379676800009,14.761251409000067],[120.81380028100011,14.761234407000074],[120.81380906800007,14.761214003000077],[120.81382489100008,14.761207200000058],[120.81386356900009,14.761196992000066],[120.81387587400002,14.761186789000021],[120.81388114700007,14.761178287000064],[120.8138846600001,14.76115958400004],[120.8138793810001,14.761137483000027],[120.81387937800002,14.761120482000024],[120.81388288900007,14.761094979000063],[120.81390167200004,14.761079993000067],[120.81391221700005,14.761061289000054],[120.81391748800002,14.76104258600003],[120.81391748400006,14.761020484000028],[120.81392627200012,14.761003481000046],[120.8139543960001,14.76097117300003],[120.81397021500004,14.760947368000075],[120.81397900400009,14.760933765000061],[120.81398779200003,14.760920162000048],[120.81399482100005,14.760901459000024],[120.81399657500003,14.760882757000047],[120.814001845,14.76085725400003],[120.81402645000003,14.760807945000067],[120.81403347700007,14.76077734100005],[120.81403698800011,14.760751838000033],[120.81404050300011,14.760741636000034],[120.81407214100011,14.760694026000067],[120.81408444500005,14.760680422000064],[120.81413718100009,14.760632808000025],[120.81414421200009,14.760624306000068],[120.814153,14.760607303000029],[120.81417233600007,14.760586897000053],[120.81418640000004,14.760576694000065],[120.81419870400009,14.760561390000078],[120.814221556,14.760537584000076],[120.81424440600006,14.76050527600006],[120.81426549700006,14.760467869000024],[120.814284831,14.760440663000054],[120.81430283300006,14.760421140000062],[120.8143397450001,14.760373529000049],[120.81437665900012,14.760331018000045],[120.81439423600011,14.760307213000033],[120.8144118140001,14.760290208000072],[120.81442411900002,14.760278305000043],[120.81443818100001,14.76025960000004],[120.8144557600001,14.760244296000053],[120.81448388700005,14.760225589000072],[120.81449970800008,14.760210284000038],[120.81451904500011,14.760196680000035],[120.81453838100003,14.760179674000028],[120.81461221000006,14.76010655400006],[120.81463330400004,14.760086148000028],[120.81464209300009,14.760075946000029],[120.814657914,14.760062342000026],[120.81467373400005,14.760045337000065],[120.81470889200011,14.760014728000044],[120.81472471200004,14.759996023000042],[120.81478975300001,14.759938206000072],[120.81481787900009,14.75991269800005],[120.81484249000005,14.759897392000028],[120.81485303700003,14.75988718900004],[120.8148881950001,14.759859980000044],[120.81495148300007,14.759824265000077],[120.81502798400004,14.759774410000034],[120.81506490600009,14.759777804000066],[120.81507545600005,14.759781202000056],[120.81509348400004,14.759787990000063],[120.8151193440001,14.75977990900003],[120.8151303200001,14.759779907000052],[120.81514860900006,14.759762215000023],[120.81517055800009,14.759749828000054],[120.81518702000005,14.759742749000054],[120.81524555400006,14.759730356000034],[120.815283969,14.759726811000064],[120.81530409000004,14.759721500000069],[120.81533518700007,14.759717957000078],[120.81547055400006,14.759717931000068],[120.81548153000006,14.759719698000026],[120.81552726200005,14.759721458000058],[120.8155547020001,14.759726760000035],[120.81559128900005,14.75973029100004],[120.8156425090001,14.759732050000025],[120.81569007200005,14.759737348000044],[120.81573946500009,14.759747952000055],[120.81576141700009,14.759749717000034],[120.81579800400004,14.759756786000025],[120.81583805500009,14.759760448000065],[120.81586061000007,14.759765897000023],[120.81588598400003,14.759769981000034],[120.81593814100006,14.759776787000021],[120.81598184000006,14.759778142000073],[120.81603158000007,14.759776756000065],[120.81605384700003,14.759780699000032],[120.81607503000009,14.759781773000043],[120.81609621200005,14.759778534000077],[120.81613857600007,14.759775292000029],[120.81625341100005,14.759790363000036],[120.81634706000011,14.759793579000075],[120.8164005750001,14.759798960000069],[120.8164462850001,14.759800029000075],[120.81646671100009,14.759804092000024],[120.8164823190001,14.759804089000056],[120.81652914300003,14.759805158000063],[120.816548097,14.759809467000025],[120.81658712,14.759822396000061],[120.81660719000001,14.759831017000067],[120.81663729400009,14.759847182000044],[120.81665290500007,14.759859038000059],[120.81666851500006,14.759867660000054],[120.81668412500005,14.759879516000069],[120.81669193100004,14.759888139000054],[120.81669750700007,14.75989676200004],[120.81671200800008,14.75993449200007],[120.81671746500001,14.75996863100005],[120.8167185850001,14.759990192000032],[120.81673085600005,14.760030079000046],[120.81673755000008,14.760049483000046],[120.8167578130001,14.760074468000028],[120.816817721,14.760108090000074],[120.8168409110001,14.760119297000074],[120.81685830300012,14.760124899000061],[120.81687183100007,14.760132371000054],[120.816891155,14.760139841000068],[120.81694333300004,14.760165991000065],[120.81695492800009,14.760173463000058],[120.81696266000006,14.760186541000053],[120.81699165300006,14.760225775000038],[120.81700132000003,14.760250064000047],[120.81700519000003,14.760278091000032],[120.81700519500009,14.76030051400005],[120.81699747500011,14.760347229000047],[120.817014878,14.760405150000054],[120.81704387900004,14.760483623000027],[120.81733000500003,14.761167708000073],[120.81754232300011,14.76163856900007],[120.81766511700005,14.762062309000044],[120.81773029500005,14.762393621000058],[120.81774032700002,14.762466265000057],[120.81779293300008,14.762553429000036],[120.81807182500006,14.762993019000078],[120.81805674200007,14.763017347000073],[120.81804297300005,14.763029002000053],[120.81802231800009,14.763042323000036],[120.81800854800008,14.763048984000022],[120.81798444900005,14.763057312000058],[120.81797928800006,14.763070630000072],[120.8179827350001,14.763088940000046],[120.817991344,14.763100591000068],[120.81799995400002,14.763110577000077],[120.81829421900011,14.763579587000038],[120.81855883300011,14.764006850000044],[120.81870404300003,14.76424699200004],[120.81888469700004,14.764368292000029],[120.81929435900008,14.765001707000067],[120.81951556400008,14.76541144500004],[120.8197360470001,14.766087109000068],[120.819780766,14.766102261000071],[120.81980884200004,14.766119229000026],[120.81982112500009,14.766131106000046],[120.81983867300005,14.766154861000075],[120.81985446600004,14.766183707000039],[120.81986324000002,14.766219339000031],[120.8198649950001,14.766239701000075],[120.81988429800003,14.766299089000029],[120.81988956300006,14.766322844000058],[120.81989658200007,14.766365264000058],[120.81989658300006,14.76640089700004],[120.81988780900008,14.76644840800003],[120.81987026200011,14.76649082800003],[120.81985973400003,14.766504402000066],[120.8198246390001,14.766541732000064],[120.81980533700005,14.76656209400005],[120.81991940000012,14.766910160000066],[120.81994221200011,14.766930522000052],[120.81994923100001,14.76693900600003],[120.81996151400006,14.766961064000043],[120.81997028800004,14.766984819000072],[120.81997555300006,14.767023064000057],[120.81998257200007,14.767040032000068],[120.81998608200001,14.767053607000037],[120.81998608200001,14.76707566500005],[120.81999134700004,14.767112995000048],[120.82000714000003,14.767179170000077],[120.82001591500011,14.76720801600004],[120.82002995300002,14.767218196000044],[120.82005802900005,14.767216499000028],[120.82008610500009,14.767228377000038],[120.82010365300005,14.767243648000033],[120.82011242700003,14.767248738000035],[120.8201299750001,14.767255525000053],[120.82014050300006,14.76726231200007],[120.82013699400011,14.767277583000066],[120.82011593700008,14.767309823000062],[120.82010891900006,14.767350546000046],[120.82010365400004,14.767369211000073],[120.82009663600002,14.767386179000027],[120.8200685600001,14.767413328000032],[120.82008084300003,14.76743708500004],[120.82008259800011,14.767447265000044],[120.82010190100004,14.767489685000044],[120.8201054110001,14.767504956000039],[120.82010365600001,14.767547377000028],[120.82020129000011,14.768040233000022],[120.82031660700011,14.768025969000064],[120.8203836570001,14.768439794000074],[120.82036086100004,14.76844238800004],[120.82035683800007,14.768416456000068],[120.82031527100003,14.768424236000044],[120.82032734100005,14.768638175000035],[120.82033908000005,14.768646998000065],[120.82034275300009,14.76867186000004],[120.8203445900001,14.76871625800004],[120.82033632600007,14.76873845700004],[120.82032989800007,14.76874911300007],[120.82032141200011,14.76877618800006],[120.82036725700004,14.769096313000034],[120.82038161300011,14.769163732000038],[120.82041647400001,14.769169680000061],[120.82043698100006,14.76920854900004],[120.8204492860001,14.76922243000007],[120.82045543800007,14.76923432700005],[120.82045953900001,14.769264071000066],[120.82045748900009,14.769281917000058],[120.82045748900009,14.769301746000053],[120.82045954000012,14.769315627000026],[120.82046364200005,14.769327524000062],[120.82046569300007,14.769351319000066],[120.82046774500009,14.76946236300006],[120.8204779990001,14.769525816000055],[120.82048005000001,14.769553577000067],[120.82047184700002,14.769563492000032],[120.82045954300008,14.769553578000057],[120.82045544200002,14.769541680000032],[120.82045134000009,14.769513919000076],[120.82044108600007,14.769498056000032],[120.82042468100008,14.769496073000028],[120.82041647800008,14.769504005000044],[120.82041237700003,14.769517886000074],[120.82041237700003,14.769543664000025],[120.82041442800005,14.769571424000048],[120.820420581,14.76960315100007],[120.82042263200003,14.769638844000042],[120.82042878400011,14.76967651900003],[120.8204287850001,14.769688417000054],[120.82043288600005,14.769706263000046],[120.820439039,14.769737990000067],[120.82044109000003,14.769767734000027],[120.82044109000003,14.769813341000031],[120.82045134400005,14.769841102000044],[120.82045954700004,14.769851017000065],[120.82047800300006,14.769864897000048],[120.8204903080001,14.769890675000056],[120.8204739030001,14.769912487000056],[120.82047185200008,14.769924385000024],[120.82047185200008,14.769950163000033],[120.82046365000008,14.769962061000058],[120.82043699100007,14.769969993000075],[120.820435212,14.770005140000023],[120.82043111100006,14.770026952000023],[120.8204270110001,14.770090406000065],[120.8204270110001,14.770116184000074],[120.82042496000008,14.770128081000053],[120.82042291000005,14.770149893000053],[120.82043521500009,14.77019748400005],[120.82043316400006,14.77021929600005],[120.82042496200006,14.770249040000067],[120.82042496200006,14.77026292000005],[120.82043316500005,14.770294647000071],[120.82043931800001,14.77032835600005],[120.82043931800001,14.770360083000071],[120.8204372670001,14.770369998000035],[120.82043726800009,14.770387844000027],[120.82043316700003,14.770413622000035],[120.82043316700003,14.77043345100003],[120.82042496500003,14.77046914400006],[120.82042291400012,14.770496905000073],[120.82041881300006,14.77051276900005],[120.82041061100006,14.77053458100005],[120.82040035800003,14.770572257000026],[120.8203634460001,14.770625796000047],[120.82035524300011,14.77065355700006],[120.82033268600003,14.770687267000028],[120.82032858500008,14.770697182000049],[120.82033063600011,14.770707096000024],[120.82032243300011,14.770720977000053],[120.82031218000009,14.770722960000057],[120.82029372400007,14.770722960000057],[120.82026296300012,14.770730892000074],[120.82025065900007,14.770734858000026],[120.82025066000006,14.770800848000022],[120.82024040600004,14.770806797000034],[120.82023425400007,14.770814729000051],[120.82024040700003,14.770836541000051],[120.82024861000002,14.770844473000068],[120.82028142100012,14.770856370000047],[120.82030602900011,14.770836540000062],[120.82033268700002,14.77079688200007],[120.82034294100004,14.77078696700005],[120.82036754900003,14.770777052000028],[120.82037780200005,14.770775069000024],[120.82039625900006,14.770775069000024],[120.82041471500008,14.770783],[120.82042701900002,14.77079489700003],[120.82043727300004,14.77080877800006],[120.82044752700006,14.770832573000064],[120.82045162800011,14.770850419000055],[120.82045367900002,14.770876197000064],[120.82045778100007,14.770894043000055],[120.82055219800009,14.77152082300006],[120.82055425800002,14.77225394100003],[120.82055015900005,14.772439944000041],[120.82045993400004,14.772915846000046],[120.82041277100006,14.773187122000024],[120.82032869500006,14.773498442000061],[120.82019950400002,14.773856501000068],[120.82008877200008,14.774091934000069],[120.82008877200008,14.774150389000056],[120.82001622700011,14.774278992000063],[120.81996060800009,14.774435653000069],[120.81992901600006,14.774439402000041],[120.8198999980001,14.774472137000032],[120.8199024160001,14.774497858000075],[120.81972588800011,14.774822870000037],[120.81956628800003,14.775073060000068],[120.81936679900002,14.775364985000067],[120.81917818000011,14.775615174000052],[120.81889440100008,14.77595956500005],[120.81856310500007,14.776354723000054],[120.81820520800011,14.776658689000044],[120.81805044200007,14.776784952000071],[120.81777384000009,14.777034056000048],[120.81785079500003,14.777114191000067],[120.81786263400011,14.777137086000039],[120.817880392,14.777159982000057],[120.81792182900006,14.777188602000024],[120.8179455080001,14.777211497000053],[120.81796918600003,14.777228669000067],[120.81798102500011,14.777240117000076],[120.81802246200004,14.777268737000043],[120.81805206100012,14.777285908000067],[120.81808757800002,14.777314528000034],[120.81812309600002,14.777354595000077],[120.81814677400007,14.777366043000029],[120.81816453300007,14.777383215000043],[120.81820005000009,14.777411835000066],[120.81822372900001,14.777423283000076],[120.81827700500003,14.777474798000071],[120.81830068400006,14.777491970000028],[120.8183174190001,14.777508152000053],[120.81833620100008,14.777526313000067],[120.81838355800005,14.777560657000038],[120.81841907600005,14.777589276000072],[120.81843683500006,14.777606448000029],[120.8184605130001,14.777617896000038],[120.8184782720001,14.777635068000052],[120.81851379000011,14.77765796400007],[120.81855522800004,14.777692307000052],[120.81859074500005,14.777726651000023],[120.81862034400001,14.777743823000037],[120.81864402200006,14.777760994000062],[120.8187209780001,14.777801062000037],[120.8187564960001,14.777823958000056],[120.81878017400004,14.777835406000065],[120.81880385300008,14.777852578000022],[120.81885121000005,14.777869750000036],[120.818898568,14.77789837000006],[120.8189455690001,14.777901136000025],[120.81968177700003,14.776982642000064],[120.82020139000008,14.776350685000068],[120.82053020900003,14.775773679000054],[120.82072090400004,14.775399310000068],[120.820878332,14.775055400000042],[120.82107074300006,14.774576439000043],[120.82125413800009,14.774028328000043],[120.82148153100002,14.773361109000064],[120.82168213500006,14.772747610000067],[120.82176084700006,14.772555922000038],[120.82177542300008,14.77246853500003],[120.82189494800002,14.772118987000056],[120.82218539300004,14.771249486000045],[120.82238294600006,14.770629786000029],[120.82258700700004,14.769835583000031],[120.822709443,14.769372958000076],[120.82270652700004,14.76931939900004],[120.82270361200005,14.76930812300003],[120.822694866,14.769299666000052],[120.82267737400002,14.76926583900007],[120.82267445900004,14.769254563000061],[120.82267154300007,14.769240469000067],[120.82267183800002,14.769181779000064],[120.82266892200005,14.76916768500007],[120.82266892200005,14.769125401000053],[120.82267766700011,14.769091573000026],[120.82267766700011,14.769077479000032],[120.82268058200009,14.769060565000075],[120.82269224200002,14.76899854800007],[120.82270098700008,14.768961902000058],[120.82270390200006,14.768950626000048],[120.82273596900006,14.768866058000071],[120.82274179900003,14.768843507000042],[120.822744714,14.76882941200006],[120.82275346000006,14.768801222000036],[120.822781157,14.768763764000028],[120.82278764800003,14.768751210000062],[120.82279413900005,14.768726103000063],[120.82280063100006,14.76871041000004],[120.82280387600008,14.768697856000074],[120.8228103670001,14.768685302000051],[120.82281361300011,14.768672748000029],[120.82282335000002,14.768660194000063],[120.82282984100004,14.768635087000064],[120.82283633200007,14.768622533000041],[120.82283957800007,14.768609979000075],[120.82285256000011,14.76858487100003],[120.822855806,14.768572317000064],[120.82286554300003,14.768559763000042],[120.82286878800005,14.768547209000076],[120.82287528000006,14.768531517000042],[120.8228882620001,14.768509547000065],[120.82290124500003,14.768478162000065],[120.82290773600005,14.768453055000066],[120.82291098100006,14.768427947000077],[120.82290773500006,14.768412255000044],[120.82290773500006,14.768396562000078],[120.82290124300005,14.768377731000044],[120.8228785230001,14.768330655000057],[120.82286554000007,14.768311824000023],[120.82284606600001,14.768286716000034],[120.82282010000006,14.768261609000035],[120.82280711700002,14.768242778000058],[120.82278080600008,14.768210642000042],[120.82274544800009,14.768167456000072],[120.82269351600007,14.768114102000027],[120.82266755,14.768082718000073],[120.822628602,14.768041918000051],[120.82260588100007,14.768013672000052],[120.82258965300002,14.767997980000075],[120.8225734240001,14.76797601100003],[120.82256368700007,14.767966596000065],[120.82253772100012,14.767932073000054],[120.82252473800008,14.767919519000031],[120.82251175600004,14.767913242000077],[120.82249552700011,14.767910104000066],[120.82248254400008,14.767910104000066],[120.82246307000003,14.767913243000066],[120.8224500880001,14.767919520000078],[120.82243710500006,14.767922658000032],[120.82242087700001,14.767932074000043],[120.82239166500005,14.767941490000055],[120.82234622600004,14.767950905000077],[120.82233324300012,14.767950906000067],[120.82231701500007,14.767954044000078],[120.8222456100001,14.767954045000067],[120.82221964400003,14.767957183000021],[120.82218718700005,14.767941491000045],[120.82217420500001,14.767938353000034],[120.82215797600009,14.767938353000034],[120.82211578200008,14.767928938000068],[120.82210279900005,14.767928938000068],[120.82208657100011,14.767925800000057],[120.82204437700011,14.767906969000023],[120.82198270900005,14.767894416000047],[120.82195349800008,14.76790383100007],[120.82192428700012,14.767903832000059],[120.82191130400008,14.767897555000047],[120.82190156700005,14.767888139000036],[120.82189507500004,14.767872447000059],[120.82189182900004,14.767853616000025],[120.82189182900004,14.767822231000025],[120.82189507500004,14.767797123000037],[120.82188858300003,14.767787708000071],[120.82187884600012,14.76778143100006],[120.82186586300008,14.767768877000037],[120.82185288000005,14.767759462000072],[120.82183805400007,14.767736554000066],[120.821823418,14.767717683000058],[120.82179414500001,14.76768701900005],[120.82177462900006,14.76765871300006],[120.82176731100003,14.767649278000022],[120.82176243200001,14.767637484000034],[120.82175023500008,14.767618613000025],[120.82173803800003,14.767592666000041],[120.82171120400005,14.767559643000027],[120.82166973400001,14.767493597000055],[120.8216624160001,14.76747944400006],[120.82165753700008,14.767465291000065],[120.8216331430001,14.767415756000048],[120.82159167300006,14.767349710000076],[120.82156240000006,14.767283663000057],[120.82155264200003,14.767267151000055],[120.82153312700007,14.767219975000046],[120.82152337000002,14.767212899000072],[120.82151605100012,14.767194028000063],[120.82152093000002,14.767184593000025],[120.82152093000002,14.767161005000048],[120.82150873300009,14.767135058000065],[120.82149897500005,14.767113829000039],[120.82146482400003,14.767064294000022],[120.82145262600011,14.767038347000039],[120.82144286900007,14.766995889000043],[120.82143799000005,14.766979377000041],[120.82142335300011,14.766946353000037],[120.82141603500008,14.766927483000075],[120.8213916410001,14.766870872000027],[120.82138676200009,14.766852001000075],[120.82137456500004,14.766830772000048],[120.82136724700001,14.766821336000078],[120.82136724700001,14.76678359500005],[120.8213599290001,14.766762366000023],[120.82134529200005,14.766731701000026],[120.82131358000004,14.76670811300005],[120.82130406200008,14.766697512000064],[120.82130406200008,14.766669206000074],[120.82130162200008,14.76665741200003],[120.82130162200008,14.766645618000041],[120.82128698600002,14.766603159000056],[120.8212772280001,14.766574854000055],[120.82126747100006,14.766546548000065],[120.821252834,14.766511166000043],[120.82124307600009,14.766497013000048],[120.82124063700007,14.76648521900006],[120.8212162430001,14.766442760000075],[120.82120648600005,14.76643096600003],[120.82119672800002,14.766414455000074],[120.82119428900012,14.766400302000022],[120.82119184900012,14.76638143100007],[120.82119184900012,14.76635312600007],[120.82116989400004,14.766308308000077],[120.8211601370001,14.766294155000026],[120.82115525800009,14.766280003000077],[120.82115037900007,14.766256414000054],[120.82114306100004,14.766237544000035],[120.82113574300001,14.766228109000053],[120.8211259850001,14.76622339100004],[120.82111622800005,14.766221032000033],[120.82111134900003,14.766211597000051],[120.82110403100012,14.766190368000025],[120.82109427300009,14.766150268000047],[120.82108939400007,14.766138474000059],[120.82108695500006,14.766124321000063],[120.82107231900011,14.766084221000028],[120.82106256100008,14.766062992000059],[120.82105036400003,14.766041763000032],[120.82104548500001,14.76602525100003],[120.8210406070001,14.76601581600005],[120.82101377300012,14.765970999000047],[120.82100889500009,14.765956846000051],[120.82099913700006,14.765933258000075],[120.82099181900003,14.765919105000023],[120.82097230400007,14.765855417000068],[120.82096254600003,14.76583654600006],[120.8209503490001,14.765805882000052],[120.82094303100007,14.765794088000064],[120.82091863700009,14.765749270000072],[120.82090888000005,14.765728041000045],[120.82089668300011,14.765709170000036],[120.82088692500008,14.765690300000074],[120.82086662600011,14.765637136000066],[120.8208617470001,14.765627701000028],[120.82085198900006,14.765589960000057],[120.82083979200002,14.765566372000023],[120.8208349140001,14.765552219000028],[120.82082759600007,14.76554042500004],[120.82082027700005,14.765533349000066],[120.8208056410001,14.765509760000043],[120.82077149000008,14.765410690000067],[120.82076417200005,14.765394179000054],[120.82073977800007,14.765349361000062],[120.82073246000004,14.765330491000043],[120.82072026300011,14.765288032000058],[120.82070806600007,14.765266803000031],[120.82069343,14.765231421000067],[120.8206885510001,14.765212550000058],[120.82068367200009,14.765203115000077],[120.82067635400006,14.765177168000037],[120.82066903600003,14.765165374000048],[120.82066659700001,14.76515358000006],[120.82064952100006,14.765115839000032],[120.82064464200005,14.765099328000076],[120.82061293100003,14.76503092200005],[120.82060317300011,14.765014410000049],[120.82058609700005,14.76497431000007],[120.82057634000012,14.76493892800005],[120.8205714610001,14.764927134000061],[120.82056902200009,14.764912981000066],[120.82055926400005,14.764887034000026],[120.820547067,14.764846934000047],[120.820547067,14.76483514000006],[120.8205421890001,14.764802117000045],[120.82053731000008,14.764785605000043],[120.82053487000007,14.764766735000023],[120.82052755200004,14.764733711000076],[120.82051535500011,14.764700687000072],[120.82050803700008,14.764670023000065],[120.82049548400005,14.76463728400006],[120.82048816600002,14.764625490000071],[120.8204808480001,14.764606620000052],[120.82046865100006,14.764585391000026],[120.82046133300003,14.764564161000067],[120.82044425800007,14.764524061000031],[120.82041498500007,14.764422633000038],[120.82040522800003,14.764406121000036],[120.82040034900001,14.76439196800004],[120.82038571300006,14.764358945000026],[120.82037107700012,14.764323563000062],[120.82036375900009,14.764297616000022],[120.82035156200004,14.764264592000075],[120.82034424400001,14.76425279800003],[120.82032229000004,14.76420326300007],[120.820314972,14.764186751000068],[120.8203100930001,14.764167881000049],[120.82030521500008,14.764137216000051],[120.82029789700005,14.764120705000039],[120.82029057800003,14.764090040000042],[120.8202808210001,14.764066452000066],[120.82027594200008,14.764049940000064],[120.8202247160001,14.763939076000042],[120.82021251900005,14.763906053000028],[120.820202762,14.763887182000076],[120.82019056500008,14.763849441000048],[120.82017105000011,14.763806982000062],[120.82015885300007,14.763764523000077],[120.82015397500004,14.763752729000032],[120.820144217,14.763712629000054],[120.82013446000008,14.763684323000064],[120.82012226300003,14.763634788000047],[120.8201182890001,14.763600482000072],[120.82011097100008,14.763562741000044],[120.82009145600011,14.763510847000077],[120.82008657800009,14.763489618000051],[120.82007682000005,14.763463671000068],[120.82007438100004,14.763451877000023],[120.82006950200002,14.763442442000041],[120.8200597450001,14.76340705900003],[120.8200353520001,14.763284401000021],[120.8200353520001,14.763270248000026],[120.82002803400007,14.763241943000025],[120.82001095900011,14.763161743000069],[120.82001095900011,14.763149949000024],[120.8200060800001,14.763138155000036],[120.82000120100008,14.763116926000066],[120.81999144400004,14.763088620000076],[120.81998656500002,14.763062673000036],[120.81998656500002,14.763050879000048],[120.81998168700011,14.763022573000057],[120.81998168700011,14.763008420000062],[120.81997192900008,14.762951809000072],[120.81997192900008,14.762925862000031],[120.81996949000006,14.762911709000036],[120.81996949000006,14.762866891000044],[120.81996461200004,14.762850379000042],[120.81996461200004,14.762836227000037],[120.819957294,14.762798485000076],[120.819957294,14.76278669100003],[120.81994997600009,14.762753668000073],[120.81994997600009,14.762737156000071],[120.81994509700007,14.762706491000074],[120.81993777900004,14.762697056000036],[120.81992802200011,14.762692338000022],[120.81991826400008,14.762689980000061],[120.81991094600005,14.762675827000066],[120.8199207030001,14.76265459700005],[120.81993046100001,14.762649880000026],[120.81994753600009,14.762635727000031],[120.81994997600009,14.76261921500003],[120.81996705100005,14.762572111000054],[120.81996461200004,14.762560317000066],[120.81996949100005,14.76253908800004],[120.8199792480001,14.76252021700003],[120.81996949100005,14.76251078200005],[120.819957294,14.762515499000074],[120.81994265800006,14.762517858000024],[120.81992802200011,14.762524935000044],[120.8198987500001,14.762532011000076],[120.81987435700012,14.762536729000033],[120.81985972100006,14.762536729000033],[120.81984996300002,14.762529652000069],[120.81984508500011,14.76252021700003],[120.81984508500011,14.762508423000043],[120.81984752400001,14.762496629000054],[120.81983288800006,14.762487193000027],[120.81982069100002,14.76249191100004],[120.81979629800003,14.762517858000024],[120.8197841010001,14.762524934000055],[120.81976702600002,14.762517858000024],[120.81976702600002,14.762506064000036],[120.8197841010001,14.762480117000052],[120.81979873800003,14.76246360500005],[120.81981825200012,14.762444735000031],[120.81983044900005,14.762437658000067],[120.8198402060001,14.762425864000022],[120.81985972100006,14.762409353000066],[120.819876797,14.762397559000021],[120.81988899300006,14.762385765000033],[120.81991094700004,14.762364535000074],[120.8199255830001,14.762340947000041],[120.81992070500007,14.762322077000022],[120.81991826500007,14.762310283000033],[120.81992314400009,14.76228433600005],[120.81993534100002,14.762258389000067],[120.81994022000003,14.762244236000072],[120.81994753800006,14.76219941900007],[120.81994022000003,14.762171113000022],[120.81993778000003,14.762145166000039],[120.81994509800006,14.762112143000024],[120.81994509900005,14.762095631000022],[120.81994753800006,14.762081478000027],[120.81994997700008,14.762043737000056],[120.8199548560001,14.762024866000047],[120.8199548560001,14.761996561000046],[120.81995729500011,14.761982408000051],[120.81995729500011,14.761935232000042],[120.81995241700008,14.761925796000071],[120.81993290200012,14.761897490000024],[120.81994022000003,14.761866826000073],[120.81994265900005,14.761847955000064],[120.81994022000003,14.76183380200007],[120.81993290200012,14.761817291000057],[120.81993290200012,14.761793703000023],[120.81993778100002,14.761774832000071],[120.81994022000003,14.761755961000063],[120.81994509900005,14.761746526000024],[120.81994997800007,14.761727656000062],[120.81995241700008,14.76170406700004],[120.81994753800006,14.761689915000034],[120.81995973500011,14.761644452000041],[120.8199548560001,14.761630299000046],[120.81995485700008,14.76160671100007],[120.81996705300003,14.761543023000058],[120.81997437100006,14.761517076000075],[120.81998412900009,14.761441594000075],[120.81999876500004,14.761382623000031],[120.82000608300007,14.761333088000072],[120.82002071900001,14.761252889000048],[120.82003291600006,14.761215148000076],[120.82004023400009,14.761184483000022],[120.82004999100002,14.761106643000062],[120.82005730900005,14.761071260000051],[120.82005730900005,14.761059466000063],[120.82005974900005,14.761045313000068],[120.82005974900005,14.761017008000067],[120.82006218800007,14.761002855000072],[120.82006218800007,14.760946243000035],[120.82005730900005,14.760880197000063],[120.82005974900005,14.76085660800004],[120.82005974900005,14.760804715000063],[120.82006218800007,14.760776409000073],[120.8200695060001,14.76072451500005],[120.82007682400001,14.760686774000021],[120.82008170300003,14.760674980000033],[120.82008414200004,14.760658468000031],[120.82008414200004,14.760646674000043],[120.82009146000007,14.760623086000066],[120.82009146000007,14.76060185600005],[120.82009633900009,14.76056647400003],[120.82009633900009,14.760505145000025],[120.82009389900009,14.760488633000023],[120.82011097500003,14.760442786000056],[120.82012805000011,14.760419198000022],[120.820130489,14.760397968000063],[120.82011585400005,14.760362586000042],[120.82011341400005,14.760350792000054],[120.82011585400005,14.760322486000064],[120.82012805000011,14.760280028000068],[120.82012317200008,14.760263516000066],[120.82010365700012,14.760256440000035],[120.81987924000009,14.760390892000032],[120.81986216500002,14.760372021000023],[120.82010853600002,14.760218699000063],[120.82011829300006,14.760180958000035],[120.82013049000011,14.760147934000031],[120.82017927600009,14.760055941000076],[120.820186594,14.76003471100006],[120.8202085480001,14.759989894000057],[120.82021830500003,14.759963947000074],[120.82022562300006,14.759949794000022],[120.82024269800002,14.759921488000032],[120.82025977300009,14.759888465000074],[120.82026953000002,14.759876671000029],[120.82027440900004,14.759864877000041],[120.82028172700007,14.759857801000067],[120.82028660500009,14.759846007000021],[120.820293923,14.759834212000044],[120.82031099900007,14.759810624000067],[120.8203158770001,14.75980118900003],[120.82032807400003,14.759787036000034],[120.82034758800012,14.75975165400007],[120.82035734500005,14.759742219000032],[120.82002316100011,14.759723348000023],[120.82002316100011,14.759680889000037],[120.82038661700005,14.75970447800006],[120.82040135000011,14.75966879400005],[120.82040961500002,14.75965480700006],[120.82043027800012,14.75963082900006],[120.8204695390001,14.759590866000053],[120.8204798700001,14.759582874000046],[120.8205087990001,14.759550903000047],[120.82052946200008,14.759532920000026],[120.82055632400011,14.759498951000069],[120.82061004900004,14.759446999000033],[120.82062038000004,14.75943501100005],[120.82063691100007,14.759423022000021],[120.82065964100002,14.759401042000036],[120.82068650300005,14.759381061000056],[120.8207402270001,14.759333105000053],[120.82075882400011,14.759301135000044],[120.82078981900008,14.75926516800007],[120.82080221700005,14.75925317900004],[120.82083114500006,14.75919723100003],[120.82082701200011,14.759185242000058],[120.82081874700009,14.759179248000066],[120.8207980840001,14.759179248000066],[120.82078155300007,14.759187240000074],[120.8207505580001,14.75920922000006],[120.82072576300004,14.759257176000062],[120.82071749700003,14.75926716600003],[120.82070716600003,14.759273161000067],[120.82069476800007,14.759277157000042],[120.82068443600008,14.759277157000042],[120.82064930900003,14.75927116300005],[120.82063691100007,14.75926716600003],[120.82062244700012,14.759255178000046],[120.82062657900008,14.759235196000077],[120.8206431100001,14.75921521500004],[120.82065964000003,14.759199230000036],[120.82070923200001,14.759161265000046],[120.82073609400004,14.759133291000069],[120.82074642600003,14.759117305000075],[120.820783516,14.759116408000068],[120.82079337700009,14.759118794000074],[120.82080323900004,14.759114028000056],[120.82080817200006,14.759104493000052],[120.82081310600006,14.759085422000055],[120.82081310900003,14.759073502000035],[120.82081064600004,14.759061582000072],[120.82080325100003,14.75905442900006],[120.82078599500005,14.759049657000048],[120.82077328800005,14.759035381000047],[120.82077535400003,14.759017398000026],[120.82076295600007,14.758993420000024],[120.82075469100005,14.758983430000058],[120.820748492,14.758969443000069],[120.82074642500004,14.758955456000024],[120.82075480800006,14.75893925400004],[120.8207888500001,14.758910282000045],[120.82082097500006,14.758908340000062],[120.82083101500007,14.758912224000028],[120.82084908500008,14.758933581000065],[120.82087317900005,14.758929698000031],[120.82088121100003,14.758919990000038],[120.82089125000005,14.758898633000058],[120.8208771950001,14.758873392000055],[120.82086113300011,14.758859801000028],[120.82085510900004,14.758840385000042],[120.82085912500008,14.758820969000055],[120.8208872350001,14.758805436000046],[120.82090731300002,14.758797670000035],[120.82091936100005,14.758789904000025],[120.82092538400002,14.758778254000049],[120.82092940000007,14.758754955000029],[120.82093743100006,14.758739422000076],[120.82095148600001,14.758729714000026],[120.82095951800011,14.758720006000033],[120.82097156500004,14.75870253200003],[120.82097558100008,14.758692824000036],[120.82099164400006,14.75866564200004],[120.8210117220001,14.758648167000047],[120.82102577700005,14.75862875100006],[120.82103581700005,14.758609335000074],[120.82104384800004,14.75858409500006],[120.82104786400009,14.758562737000034],[120.8210579040001,14.75853749600003],[120.82109203700008,14.758490898000048],[120.82109806100004,14.758477307000021],[120.82109806100004,14.758438475000048],[120.82111207600008,14.758388704000026],[120.82112010700007,14.75837705500004],[120.82112412300012,14.758365405000063],[120.82113817800007,14.75834016400006],[120.82114621000005,14.758328515000073],[120.82117231200004,14.75831104100007],[120.8211763270001,14.758289683000044],[120.82119640600001,14.75827220900004],[120.82121046100008,14.758266384000024],[120.82122652400005,14.758262501000047],[120.82124057800002,14.75825667600003],[120.82125262500006,14.758248910000077],[120.82126065700004,14.758239202000027],[120.82126668,14.75822755300004],[120.82127270400008,14.758200370000054],[120.82128675900003,14.758192604000044],[120.82129479000002,14.75818289600005],[120.82129880600007,14.758173188000058],[120.82129077500008,14.758142122000038],[120.82129077500008,14.758128531000068],[120.82129479100001,14.758118823000075],[120.82129880700006,14.758087758000045],[120.82131486900005,14.758056692000025],[120.8213108540001,14.758025627000052],[120.82132290100003,14.758008152000059],[120.82133294000005,14.758008152000059],[120.82134297900006,14.758002328000032],[120.82135101100005,14.757992620000039],[120.82135301900007,14.757957671000042],[120.82135904200004,14.757944080000073],[120.82138112900009,14.757928547000063],[120.82139317600002,14.75792466400003],[120.82140522300006,14.757926605000023],[120.82142128500004,14.757926605000023],[120.82143132400006,14.757920781000053],[120.82144537900001,14.757909131000076],[120.82145943400008,14.757905248000043],[120.82149156000003,14.757901365000066],[120.82151163800006,14.757891657000073],[120.82151966900005,14.757883891000063],[120.82152569300001,14.75786641600007],[120.8215236850001,14.757852825000043],[120.82151565400011,14.75784311700005],[120.8214975840001,14.75782758400004],[120.82149356800005,14.757817876000047],[120.82148955200012,14.757788752000067],[120.82146947400008,14.75775962800003],[120.82148198700008,14.757733467000037],[120.82149702600009,14.757717107000076],[120.82148010700007,14.757678932000033],[120.82149702600009,14.757658936000041],[120.82151958400004,14.757646211000065],[120.82152334400007,14.75762803300006],[120.82151206500009,14.75760258300005],[120.82151958500003,14.757586222000043],[120.82153086400001,14.757578951000028],[120.82155530200009,14.757569862000025],[120.82158725900001,14.757568044000038],[120.82160229800002,14.757568044000038],[120.8216116970001,14.757562591000067],[120.82162861600011,14.757548048000046],[120.82163613500006,14.757529870000042],[120.82163425600004,14.757518963000052],[120.82162861600011,14.757506238000076],[120.82163801500008,14.757493513000043],[120.82165681400011,14.757489878000058],[120.82166621300007,14.757480789000056],[120.82166245300004,14.757457157000033],[120.82167373300001,14.75744261400007],[120.82168877100003,14.757437161000041],[120.8216981710001,14.757431707000023],[120.821715089,14.757426254000052],[120.82173576700006,14.757429889000036],[120.82176020500003,14.757428072000039],[120.82178088400008,14.757398986000055],[120.82179028300004,14.75739171500004],[120.82180720200006,14.757398986000055],[120.8218109610001,14.757418983000036],[120.82182976000001,14.757422618000078],[120.82185043800007,14.757408076000047],[120.82186171700005,14.75740625800006],[120.82187111600001,14.75740262200003],[120.82187675600005,14.75739171500004],[120.82186735700009,14.757377173000066],[120.82185795800001,14.757366266000076],[120.82185607800011,14.757351723000056],[120.8218692370001,14.757337180000036],[120.82188615500002,14.757329909000077],[120.82191623300002,14.757322638000062],[120.82193315200004,14.757315366000057],[120.82194631100003,14.757306277000055],[120.82196134900005,14.75729900600004],[120.82198766700003,14.757282645000032],[120.82201210500011,14.75727719200006],[120.82203654300008,14.757280827000045],[120.82205534200011,14.757289917000037],[120.82205910100004,14.757300824000026],[120.82205910100004,14.75731354900006],[120.82207428400011,14.757351829000072],[120.82207804300003,14.757370008000066],[120.82208556300009,14.757379097000069],[120.82209872200008,14.757382733000043],[120.82281522100004,14.75671901100003],[120.82283863600003,14.756654338000033],[120.82332269100004,14.756203001000074],[120.8233688150001,14.756178672000033],[120.82341074600004,14.756154343000048],[120.82385521200001,14.756040806000044],[120.82445482600008,14.755931320000059],[120.82512755400012,14.755801563000034],[120.82534140100006,14.75574479200003],[120.82558879200008,14.755635308000024],[120.82563491600001,14.75561908800006],[120.82566007500009,14.755623142000047],[120.82666809600005,14.755935347000047],[120.8273138400001,14.756194839000045],[120.82807753600002,14.756608411000059],[120.82825364900009,14.756697612000039],[120.82837753900003,14.756727298000044],[120.82875073100001,14.756998957000064],[120.82927647600002,14.757251088000032],[120.82932355100002,14.757285178000075],[120.82933340900001,14.757294710000053],[120.82935509800006,14.757323308000025],[120.82937481500005,14.757355719000032],[120.82938073000003,14.757370971000057],[120.82939847500006,14.757405289000076],[120.82940241900008,14.757424354000023],[120.82941425000001,14.757454859000063],[120.82942213800004,14.757513962000075],[120.82942213900003,14.757546374000071],[120.82946152700003,14.757574294000051],[120.82948566000005,14.757595509000055],[120.82952953900008,14.757648545000052],[120.82954270300002,14.757669759000066],[120.82955367300008,14.757695217000048],[120.82955806200005,14.75771431000004],[120.82955806200005,14.75772703900003],[120.82955367500006,14.757750375000057],[120.82954490000009,14.757767348000073],[120.82952734900005,14.757775834000029],[120.8295097990001,14.75777795600004],[120.82949224800007,14.757788564000066],[120.82947908500012,14.757803415000069],[120.82946811700003,14.757847967000032],[120.8294483730001,14.757862818000035],[120.82944179200001,14.75787342500007],[120.82944179200001,14.757886154000062],[120.8294461810001,14.757901005000065],[120.82947689700006,14.757960406000052],[120.82948128500004,14.757975256000066],[120.82948128500004,14.757987985000057],[120.82948348000002,14.758000714000048],[120.82950322500005,14.758011321000026],[120.8295207750001,14.757996470000023],[120.82952077400012,14.757949797000038],[120.8295251610001,14.757924339000056],[120.82954709700005,14.757854329000054],[120.82955367800002,14.757843721000029],[120.82957122900007,14.757835235000073],[120.82959097300011,14.757833112000071],[120.82961071800003,14.75783735500005],[120.82962607600007,14.757847962000028],[120.8296458210001,14.757867055000077],[120.82965459700006,14.757888269000034],[120.82966776100011,14.757907362000026],[120.82967653700007,14.757915848000039],[120.82970067000008,14.757932819000075],[120.829716028,14.757947669000032],[120.82972699800007,14.757971005000059],[120.82972919200006,14.75798373400005],[120.82972699900006,14.757994342000075],[120.82972480600006,14.758026164000057],[120.829727,14.758036772000025],[120.82974455200008,14.758068594000065],[120.8297357780001,14.758117731000027],[120.82973139100011,14.758136824000076],[120.829727004,14.758151675000022],[120.82972700500011,14.75817076800007],[120.82973358800007,14.758213198000021],[120.82973797700004,14.758257749000052],[120.82973358900006,14.758268357000077],[120.8297226200001,14.758278965000045],[120.82971165200001,14.75829593700007],[120.82970945800002,14.758310788000074],[120.82970068300006,14.758332003000078],[120.82969410200008,14.758340489000034],[120.8296853270001,14.758346854000024],[120.82967435800003,14.758359583000072],[120.82966119500009,14.758368069000028],[120.82963706300006,14.758374435000064],[120.82957782900007,14.758391408000023],[120.82956466500002,14.758389287000057],[120.82955150200007,14.758393531000024],[120.82952298200007,14.758399896000071],[120.8294856870001,14.758410505000029],[120.82947691100003,14.758418991000042],[120.82947252400004,14.758429598000077],[120.82947033100004,14.758444449000024],[120.82947033200003,14.758480514000041],[120.82946594500004,14.758493243000032],[120.82944620100011,14.75851870200006],[120.829444007,14.758539917000064],[120.8294440090001,14.75858659000005],[120.82942865300004,14.758612048000032],[120.82941987700008,14.758622656000057],[120.82939135800007,14.758641750000038],[120.8293562560001,14.758658723000053],[120.82933431800006,14.758679938000057],[120.8293233490001,14.758684182000025],[120.82929482800012,14.758675697000058],[120.82927727700007,14.758662968000067],[120.82925972500004,14.758643875000075],[120.82922242900008,14.75862266200005],[120.82921145900002,14.758605690000024],[120.82920048900007,14.758597204000068],[120.82916758100009,14.758597205000058],[120.829158806,14.75860569100007],[120.82915222500003,14.758616299000039],[120.82914783800004,14.758637514000043],[120.82916319600008,14.758662972000025],[120.829180747,14.758686307000062],[120.82918952400007,14.758709644000078],[120.82919830000003,14.758743587000026],[120.82919830100002,14.758762681000064],[120.82919610700003,14.758773288000043],[120.82918513900006,14.758796625000059],[120.82916758800002,14.758819962000075],[120.82915881300005,14.758834813000021],[120.82913029400004,14.758862393000072],[120.82909958000005,14.758887852000043],[120.82906682500004,14.758927678000077],[120.82904838500008,14.758934365000073],[120.82903686000009,14.758936594000033],[120.82902072500008,14.758934366000062],[120.82899767600009,14.758936595000023],[120.8289861510001,14.758945511000036],[120.8289746270001,14.75896780100004],[120.82897462800008,14.75901015100004],[120.82897693300004,14.759023524000042],[120.82896310400008,14.759043585000029],[120.8289561900001,14.759056959000077],[120.82894927500001,14.759081478000041],[120.82894236100003,14.759090393000065],[120.82892853100009,14.75909708100005],[120.82892161600012,14.759110454000052],[120.82891931200004,14.759141660000068],[120.828914703,14.759150575000035],[120.82890087300007,14.759168407000061],[120.82888934800008,14.759172866000029],[120.82886629900008,14.759177324000063],[120.82885477400009,14.759190698000054],[120.82884786000011,14.759206301000063],[120.8288478610001,14.759239735000051],[120.82884325100008,14.759253108000053],[120.82882481100012,14.759264254000072],[120.82881328700012,14.759264254000072],[120.82879484700004,14.75926871200005],[120.82878562700012,14.759277628000063],[120.82878332200005,14.759288773000037],[120.82878332300004,14.759317749000047],[120.82878793400005,14.759328894000078],[120.8288017640001,14.759351183000035],[120.8288179000001,14.759366785000054],[120.82882481500008,14.759375700000078],[120.828864,14.759404675000042],[120.82888705100004,14.759424735000039],[120.82894928700011,14.75948491500003],[120.828981558,14.759520577000046],[120.828997694,14.759533950000048],[120.82903457500004,14.759574070000042],[120.82908483300002,14.75962266700003],[120.829129082,14.759658767000076],[120.8291959280001,14.75970557200003],[120.8292120640001,14.759718946000078],[120.8292235890001,14.759725632000027],[120.82924231800007,14.759704333000059],[120.82925153800011,14.759699874000034],[120.8292630630001,14.759688729000061],[120.8292745870001,14.759682042000065],[120.82929533200002,14.75967535500007],[120.82931146700003,14.75966421000004],[120.82932068600007,14.759655294000027],[120.82932990600011,14.759650836000048],[120.82935065100003,14.759646377000024],[120.82940366500009,14.75962408600003],[120.82941519000008,14.75962185700007],[120.82946820500001,14.759621855000034],[120.82957423500011,14.759646370000041],[120.82958576100009,14.759653057000037],[120.82959728600008,14.759657514000025],[120.82960881100007,14.759666429000049],[120.82963877700001,14.759684260000029],[120.82965491200002,14.759690946000035],[120.82967796200012,14.75969763200004],[120.8297010120001,14.75971323400006],[120.82971253800008,14.759726607000061],[120.82972406300007,14.75974443900003],[120.82973789400012,14.759771185000034],[120.82975403000012,14.75979124500003],[120.82976786000006,14.759800161000044],[120.82979552100005,14.75982467800003],[120.82982779300005,14.759873714000037],[120.8298531480001,14.759896002000062],[120.82986697900003,14.759913833000041],[120.82987159000004,14.759933894000028],[120.82987159000004,14.75995841200006],[120.8298943960001,14.759976272000074],[120.82989439700009,14.76000079000005],[120.82990822900001,14.76004313900006],[120.8299151440001,14.760054284000034],[120.82995433100007,14.76010554800007],[120.82995663600002,14.760116693000043],[120.8299635520001,14.760130066000045],[120.82997507700009,14.760145668000064],[120.8299958230001,14.760163499000043],[120.83000273800008,14.760172415000056],[120.8300073480001,14.76018355900004],[120.83000965400004,14.760194704000071],[120.82999813100002,14.760245970000028],[120.83000274100004,14.760272717000078],[120.8300211830001,14.760303921000059],[120.83003040300002,14.760315066000032],[120.83004423400007,14.760337355000047],[120.83004884400009,14.760350728000049],[120.83004654100012,14.760417596000025],[120.83005576200003,14.760444343000074],[120.83007189800003,14.760471090000067],[120.83006268000008,14.760520127000063],[120.83006498600002,14.760553561000052],[120.83007420700005,14.760575850000066],[120.83010647900005,14.760618198000031],[120.83011108900007,14.760629343000062],[120.83011570000008,14.760656090000055],[120.83011109200004,14.760711814000047],[120.83012031300007,14.760731874000044],[120.83016180400011,14.760763077000036],[120.83020099100008,14.760796510000034],[120.83021251600007,14.760809884000025],[120.83022404200005,14.76083217300004],[120.8302378730001,14.760854462000054],[120.83026553400009,14.760881208000058],[120.83028397500004,14.76089458100006],[120.83029319500008,14.760905725000043],[120.83031394400007,14.760992653000073],[120.83032085900004,14.761008256000025],[120.83032547000005,14.761026087000062],[120.830332386,14.761035003000075],[120.83034852100002,14.761048376000076],[120.83036481200008,14.761077790000058],[120.83037172700006,14.761093393000067],[120.83037403300011,14.761106766000069],[120.8303740340001,14.761126827000055],[120.83037633900005,14.76113797100004],[120.83038786500003,14.761162489000071],[120.83040861100005,14.761193694000042],[120.83041783200008,14.761222669000063],[120.83042474800004,14.761242730000049],[120.83044549400006,14.761258331000022],[120.83046854500003,14.761280620000036],[120.83049620600002,14.761314053000035],[120.83051695200004,14.761331884000072],[120.8305353930001,14.761358630000075],[120.83055383400006,14.761378690000072],[120.83056535900005,14.761398750000069],[120.83057688500003,14.761409894000053],[120.83058610500007,14.761416581000049],[120.83061837600007,14.761425496000072],[120.83065756100007,14.761432181000032],[120.83068061200004,14.761443325000073],[120.83070827400002,14.761494589000051],[120.83071749400006,14.761505734000025],[120.83074054500003,14.761525793000033],[120.83077051200007,14.761559226000031],[120.83078434200002,14.761570370000072],[120.8308073930001,14.76159265900003],[120.83082583400005,14.761606032000032],[120.83083505400009,14.761610489000077],[120.83087654500002,14.761637235000023],[120.83089729100004,14.76165506600006],[120.83091342700004,14.761677355000074],[120.83093878400007,14.761717475000069],[120.83094570000003,14.761739764000026],[120.83095953200007,14.761773197000025],[120.83096414300007,14.761813318000065],[120.83095492500001,14.761864584000023],[120.83095492600012,14.76187795800007],[120.83095953700001,14.761902476000046],[120.8309710630001,14.761920307000025],[120.83097567300001,14.761933680000027],[120.83097567400011,14.761944825000057],[120.8309710640001,14.761962657000026],[120.83095032000006,14.761991634000026],[120.8309480160001,14.76201392300004],[120.83095954200007,14.762033983000038],[120.83095493300004,14.76204289900005],[120.83093879800003,14.762056274000031],[120.83093879900002,14.762087479000058],[120.83092497000007,14.762098624000032],[120.83090422400005,14.762110255000039],[120.83089961500002,14.762130316000025],[120.83089961600001,14.762143689000027],[120.8308950060001,14.762159292000035],[120.83088578700006,14.762179353000022],[120.83088578800005,14.762203871000054],[120.8308834830001,14.762215016000027],[120.83088348400008,14.762226161000058],[120.83087656900011,14.762248450000072],[120.83087426500003,14.762264053000024],[120.8308650460001,14.762297487000069],[120.83085813200012,14.762330922000046],[120.83084430300005,14.762364356000035],[120.83083738900007,14.762375501000065],[120.83083277900005,14.762388875000056],[120.83082586500007,14.762402249000047],[120.83082586500007,14.762415622000049],[120.83081895100008,14.762453515000061],[120.8308120370001,14.762473575000058],[120.83080512300012,14.76248694900005],[120.83080281800005,14.762498094000023],[120.83079129400005,14.762527070000033],[120.83078668500002,14.762544902000059],[120.83077977000005,14.76255827600005],[120.83077055100011,14.76258725200006],[120.83076824700004,14.762607313000046],[120.83076363700002,14.762622916000055],[120.8307590280001,14.762651892000065],[120.83075441900007,14.762663037000038],[120.8307475040001,14.762674182000069],[120.83073137000008,14.762692014000038],[120.83071984600008,14.76271876100003],[120.83069910100005,14.762732136000068],[120.83067144200004,14.762763342000028],[120.83066222200011,14.762767800000063],[120.8306460870001,14.762772258000041],[120.8306299520001,14.76277225900003],[120.83061381700008,14.762785633000021],[120.83058791100007,14.762799295000036],[120.83056743200007,14.762860279000051],[120.83057454800007,14.762882641000033],[120.83058166500007,14.76289640300007],[120.83058166500007,14.762918765000052],[120.83028005900007,14.763331810000068],[120.82993712000007,14.763754652000046],[120.82963666,14.76417693600007],[120.82950591500003,14.764381607000075],[120.82944161600005,14.764537061000055],[120.82915345700007,14.764897159000043],[120.82891339600008,14.765218435000065],[120.82869508100009,14.765534931000047],[120.82857719300011,14.765677951000043],[120.82850431700001,14.765762933000076],[120.82853004000003,14.765802314000041],[120.82851932300002,14.765814750000061],[120.8284936010001,14.76582096900006],[120.82847859700007,14.76581475100005],[120.82807782900011,14.766342993000023],[120.82771618700008,14.766848955000057],[120.82727472600004,14.767360663000034],[120.82723747900002,14.767386095000063],[120.82720283200001,14.767395949000047],[120.8271620700001,14.767393979000076],[120.82710704200008,14.767395951000026],[120.827074433,14.767390040000066],[120.82705812800009,14.76738412800006],[120.82700514500004,14.767671858000028],[120.82698272700009,14.767752660000042],[120.82695623400002,14.767823607000025],[120.82692770200003,14.767872877000059],[120.82678649600007,14.768159518000061],[120.82657031800011,14.768505244000039],[120.82629737200011,14.768888489000062],[120.82618651100006,14.769017131000055],[120.82605070700004,14.769210094000073],[120.82595370400009,14.769408955000074],[120.82549485200002,14.770264438000027],[120.82632309200005,14.770624134000059],[120.8262144250001,14.770836528000075],[120.82716795200008,14.774974497000073],[120.82486857800006,14.778845656000044],[120.82512966800005,14.780105014000071],[120.82887370700007,14.783545184000047],[120.83043624800007,14.786800228000061],[120.83098165100012,14.789414277000049],[120.83078575900004,14.790145969000037],[120.82972063200009,14.790182083000047],[120.82687055500003,14.788960644000042],[120.8252476340001,14.789746705000027],[120.82411744500007,14.791589535000071],[120.82388466100008,14.795010309000077],[120.8247414010001,14.798889379000059],[120.82531699200001,14.800874558000032],[120.8262577810001,14.801006549000022],[120.82723763900003,14.80074593200004],[120.82742200700011,14.800487328000031],[120.82813082400003,14.799493104000021],[120.8286465760001,14.797907933000033],[120.8300492090001,14.797077134000062],[120.8308791390001,14.797827182000049],[120.83073261600009,14.798929110000074],[120.83075995900003,14.800256363000074],[120.83131225300008,14.800901131000046],[120.83217201000002,14.801209219000043],[120.83354189700003,14.801424918000066],[120.83538658100008,14.801221174000034],[120.836333867,14.800730741000052],[120.83723962200008,14.800189299000067],[120.83815174600011,14.799102644000072],[120.83950515400011,14.797879911000052],[120.84038632700003,14.797411674000045],[120.84246066500009,14.796541631000025],[120.84399254300001,14.795516900000052],[120.84445278700002,14.794897879000075],[120.84574030600004,14.793703115000028],[120.84636083100008,14.793508867000071],[120.84682618500005,14.793580059000021],[120.84748035900009,14.79388147700007],[120.84781777,14.794263998000076],[120.84811407000007,14.794799374000036],[120.84825166700011,14.795063981000055],[120.84860486700006,14.79564607900005],[120.84895422400007,14.795844826000064],[120.84934754200003,14.79587299800005],[120.84967860600011,14.795783808000067],[120.84997792200011,14.795895905000066],[120.85024290000001,14.79617490000004],[120.85051110000006,14.796652100000074],[120.85058620000007,14.796963300000073],[120.85046820000002,14.79717080000006],[120.85030175800011,14.79732268600003],[120.84963340400009,14.797565516000077],[120.84864423300007,14.79781814000006],[120.84819568600005,14.798046051000028],[120.84761799400007,14.798431222000033],[120.84720670000002,14.798820100000057],[120.84698130000004,14.799286800000061],[120.84695990000012,14.799660300000028],[120.8470886,14.799981800000069],[120.84747490000007,14.800334500000076],[120.8482044000001,14.800676800000076],[120.848537,14.800936100000058],[120.84867260900012,14.801255323000078],[120.84862367300002,14.801526012000068],[120.8484572970001,14.801798177000023],[120.84821699600002,14.802208664000034],[120.84762108100006,14.802920619000076],[120.8494498440001,14.803779875000032],[120.85148677600012,14.804594648000034],[120.85280100500006,14.80462398000003],[120.85494986600008,14.807336687000031],[120.85499220300005,14.807804384000065],[120.85515308200002,14.808080486000051],[120.85524954900006,14.808597639000027],[120.85543775000008,14.80900949200003],[120.8555540640001,14.809267673000022],[120.85579294200011,14.809306653000021],[120.85750241700009,14.809033833000058],[120.85875970200004,14.809632540000052],[120.86091504800004,14.812107197000046],[120.8627646430001,14.813664394000057],[120.86202313500007,14.814787412000044],[120.8616834290001,14.81674861600004],[120.86291120700002,14.817692266000051],[120.86263437500008,14.818070421000073],[120.86365976400009,14.818947696000066],[120.8638762060001,14.818710101000022],[120.8643595740001,14.819069734000038],[120.86488625400011,14.81946233900004],[120.86617458700005,14.820866962000025]]]}}]}
